"ID Caso","ID Caso Relacionado","Año","Mes","Día","Código DANE de Municipio","Municipio","Departamento","Región","Modalidad","Presunto Responsable","Descripción Presunto Responsable","Abandono o Despojo Forzado de Tierras","Amenaza o Intimidación","Ataque Contra Misión Médica","Confinamiento o Restricción a la Movilidad","Desplazamiento Forzado","Extorsión","Lesionados Civiles","Pillaje","Tortura","Violencia Basada en Género","Otro Hecho Simultáneo","Total Combatientes","Total Civiles","Total de Víctimas del Caso","Tipo de Armas","latitud-longitud"
"185,266","CR004878","1,977","1","1","11001","BOGOTA, D.C.","BOGOTA, D. C.","AREA METROPOLITANA DE BOGOTA","ATAQUE A OBJETIVO CIVIL CON EFECTO INDISCRIMINADO","GUERRILLA","M19","0","0","0","0","0","0","0","0","0",,,"0","0","0","ARTEFACTO EXPLOSIVO","POINT (-74.181072702 4.316107698)"
"185,267",,"1,978","8","13","18001","FLORENCIA","CAQUETA","FLORENCIA Y AREA DE INFLUENCIA","ATAQUE A OBJETIVO CIVIL CON EFECTO INDISCRIMINADO","GUERRILLA","M19","0","0","0","0","0","0","0","0","0",,,"0","0","0","ARTEFACTO EXPLOSIVO","POINT (-75.609796 1.618234)"
"185,268","CR012154","1,982","8","1","76001","SANTIAGO DE CALI","VALLE DEL CAUCA","SUR DEL VALLE","ATAQUE A OBJETIVO MILITAR CON EFECTO INDISCRIMINADO","GUERRILLA","M19","0","0","0","0","0","0","6","0","0",,,"0","0","0","ARTEFACTO EXPLOSIVO","POINT (-76.57649259 3.399043723)"
"185,269",,"1,991","6","1","17001","MANIZALES","CALDAS","EJE CAFETERO","ATAQUE A OBJETIVO CIVIL CON EFECTO INDISCRIMINADO","GUERRILLA","EPL","0","1","0","0","0","0","0","0","0",,,"0","4","4","ARTEFACTO EXPLOSIVO","POINT (-75.50727881 5.08343301)"
"185,271","CR005155","1,989","11","27","25754","SOACHA","CUNDINAMARCA","AREA METROPOLITANA DE BOGOTA","ATAQUE A OBJETIVO CIVIL CON EFECTO INDISCRIMINADO","GRUPO PARAMILITAR","NO IDENTIFICADO","0","0","0","0","0","0","0","0","0",,,"0","107","107","ARTEFACTO EXPLOSIVO","POINT (-74.24029696 4.581866267)"
"185,272","CR005159","1,998","12","12","68001","BUCARAMANGA","SANTANDER","PROVINCIA DE SOTO","ATAQUE A OBJETIVO CIVIL CON EFECTO INDISCRIMINADO","GUERRILLA","DISIDENCIA EPL","0","0","0","0","0","0","0","0","0",,,"0","0","0","ARTEFACTO EXPLOSIVO","POINT (-73.11156997 7.155833544)"
"185,273","CR018882","1,976","2","3","11001","BOGOTA, D.C.","BOGOTA, D. C.","AREA METROPOLITANA DE BOGOTA","ATAQUE A OBJETIVO CIVIL CON EFECTO INDISCRIMINADO","GUERRILLA","EPL","0","0","0","0","0","0","0","0","0",,,"0","0","0","ARTEFACTO EXPLOSIVO","POINT (-74.1810727 4.316107698)"
"185,274","CR005127","1,978","2","12","11001","BOGOTA, D.C.","BOGOTA, D. C.","AREA METROPOLITANA DE BOGOTA","ATAQUE A OBJETIVO CIVIL CON EFECTO INDISCRIMINADO","GUERRILLA","EPL","0","0","0","0","0","0","0","0","0",,,"0","0","0","ARTEFACTO EXPLOSIVO","POINT (-74.1810727 4.316107698)"
"185,275","CR000012","1,978","2","17","11001","BOGOTA, D.C.","BOGOTA, D. C.","AREA METROPOLITANA DE BOGOTA","ATAQUE A OBJETIVO CIVIL CON EFECTO INDISCRIMINADO","GUERRILLA","EPL","0","0","0","0","0","0","0","0","0",,,"0","0","0","ARTEFACTO EXPLOSIVO","POINT (-74.107359 4.650173)"
"185,276","CR005128","1,978","5","29","68001","BUCARAMANGA","SANTANDER","PROVINCIA DE SOTO","ATAQUE A OBJETIVO CIVIL CON EFECTO INDISCRIMINADO","DESCONOCIDO","NO APLICA","0","0","0","0","0","0","0","0","0",,"2 CAPTURADOS","0","0","0","ARTEFACTO EXPLOSIVO","POINT (-73.132582 7.116381)"
"185,277","CR018904","1,978","6","18","19001","POPAYAN","CAUCA","MACIZO COLOMBIANO","ATAQUE A OBJETIVO CIVIL CON EFECTO INDISCRIMINADO","OTRO ¿CUÁL?","NO APLICA","0","0","0","0","0","0","1","0","0",,"5-CAPTURADOS","1","0","1","ARTEFACTO EXPLOSIVO","POINT (-76.59194419 2.471704362)"
"185,278","CR005130","1,978","8","16","23555","PLANETA RICA","CORDOBA","ALTO SINU Y SAN JORGE","ATAQUE A OBJETIVO CIVIL CON EFECTO INDISCRIMINADO","DESCONOCIDO","NO APLICA","0","0","0","0","0","0","50","0","0",,,"0","1","1","ARTEFACTO EXPLOSIVO","POINT (-75.68923803 8.181108488)"
"185,279",,"1,979","5","1","11001","BOGOTA, D.C.","BOGOTA, D. C.","AREA METROPOLITANA DE BOGOTA","ATAQUE A OBJETIVO CIVIL CON EFECTO INDISCRIMINADO","GUERRILLA","ELN","0","0","0","0","0","0","0","0","0",,,"0","0","0","ARTEFACTO EXPLOSIVO","POINT (-74.107359 4.650173)"
"185,280",,"1,979","6","1","76001","SANTIAGO DE CALI","VALLE DEL CAUCA","SUR DEL VALLE","ATAQUE A OBJETIVO CIVIL CON EFECTO INDISCRIMINADO","GUERRILLA","EPL","0","0","0","0","0","0","0","0","0",,,"0","0","0","ARTEFACTO EXPLOSIVO","POINT (-76.521469 3.414162)"
"185,281","CR005142","1,981","7","31","76041","ANSERMANUEVO","VALLE DEL CAUCA","NORTE DEL VALLE","ATAQUE A OBJETIVO CIVIL CON EFECTO INDISCRIMINADO","DESCONOCIDO","NO APLICA","0","0","0","0","0","0","14","0","0",,,"0","4","4","ARTEFACTO EXPLOSIVO","POINT (-76.02963049 4.795927292)"
"185,282",,"1,981","10","7","11001","BOGOTA, D.C.","BOGOTA, D. C.","AREA METROPOLITANA DE BOGOTA","ATAQUE A OBJETIVO CIVIL CON EFECTO INDISCRIMINADO","GUERRILLA","ELN","0","0","0","0","0","0","1","0","0",,,"0","1","1","ARTEFACTO EXPLOSIVO","POINT (-74.1810727 4.316107698)"
"185,283",,"1,984","4","22","11001","BOGOTA, D.C.","BOGOTA, D. C.","AREA METROPOLITANA DE BOGOTA","ATAQUE A OBJETIVO CIVIL CON EFECTO INDISCRIMINADO","GUERRILLA","FARC","0","0","0","0","0","0","9","0","0",,,"0","0","0","ARTEFACTO EXPLOSIVO","POINT (-74.1810727 4.316107698)"
"185,284","CR005138","1,985","5","1","66170","DOSQUEBRADAS","RISARALDA","EJE CAFETERO","ATAQUE A OBJETIVO CIVIL CON EFECTO INDISCRIMINADO","GUERRILLA","OTRA DISIDENCIA","0","0","0","0","0","0","10","0","0",,,"0","4","4","ARTEFACTO EXPLOSIVO","POINT (-75.66993655 4.842021144)"
"185,285",,"1,985","5","23","05001","MEDELLIN","ANTIOQUIA","VALLE DE ABURRA","ATAQUE A OBJETIVO CIVIL CON EFECTO INDISCRIMINADO","GUERRILLA","ELN","0","0","0","0","0","0","0","0","0",,,"0","0","0","ARTEFACTO EXPLOSIVO","POINT (-75.578661 6.250063)"
"185,286","CR004962","1,985","9","25","05001","MEDELLIN","ANTIOQUIA","VALLE DE ABURRA","ATAQUE A OBJETIVO CIVIL CON EFECTO INDISCRIMINADO","DESCONOCIDO","NO APLICA","0","0","0","0","0","0","8","0","0",,,"0","0","0","ARTEFACTO EXPLOSIVO","POINT (-75.61103107 6.257590259)"
"185,287","CR005117","1,987","1","13","08001","BARRANQUILLA","ATLANTICO","NORTE DE ATLANTICO","ATAQUE A OBJETIVO CIVIL CON EFECTO INDISCRIMINADO","GUERRILLA","COORDINADORA NACIONAL GUERRILLERA","0","0","0","0","0","0","25","1","0",,,"2","11","13","ARTEFACTO EXPLOSIVO","POINT (-74.82771544 10.98152051)"
"185,288","CR005147","1,987","9","23","11001","BOGOTA, D.C.","BOGOTA, D. C.","AREA METROPOLITANA DE BOGOTA","ATAQUE A OBJETIVO CIVIL CON EFECTO INDISCRIMINADO","DESCONOCIDO","NO APLICA","0","0","0","0","0","0","8","0","0",,,"0","1","1","ARTEFACTO EXPLOSIVO","POINT (-74.1810727 4.316107698)"
"185,289",,"1,989","10","16","68001","BUCARAMANGA","SANTANDER","PROVINCIA DE SOTO","ATAQUE A OBJETIVO CIVIL CON EFECTO INDISCRIMINADO","CRIMEN ORGANIZADO","CARTEL DE MEDELLÍN","0","0","0","0","0","0","7","0","0",,,"0","3","3","ARTEFACTO EXPLOSIVO","POINT (-73.11156997 7.155833544)"
"185,290","CR005171","1,989","12","6","11001","BOGOTA, D.C.","BOGOTA, D. C.","AREA METROPOLITANA DE BOGOTA","ATAQUE A OBJETIVO CIVIL CON EFECTO INDISCRIMINADO","OTRO ¿CUÁL?","NO APLICA","0","0","0","0","0","0","600","0","0",,,"0","63","63","ARTEFACTO EXPLOSIVO","POINT (-74.1810727 4.316107698)"
"185,291",,"1,990","6","28","05001","MEDELLIN","ANTIOQUIA","VALLE DE ABURRA","ATAQUE A OBJETIVO CIVIL CON EFECTO INDISCRIMINADO","GRUPO ARMADO NO IDENTIFICADO","NO APLICA","0","0","0","0","0","0","1","0","0",,,"0","14","14","ARTEFACTO EXPLOSIVO","POINT (-75.578661 6.250063)"
"419,302","CR008089","2,012","5","1","19050","ARGELIA","CAUCA","PATIA","ATAQUE A OBJETIVO MILITAR CON EFECTO INDISCRIMINADO","GUERRILLA","FARC","0","0","0","0","0","0","1","0","0",,,"0","0","0","ARTEFACTO EXPLOSIVO","POINT (-77.24905 2.257427)"
"185,292","CR005163","1,992","3","27","11001","BOGOTA, D.C.","BOGOTA, D. C.","AREA METROPOLITANA DE BOGOTA","ATAQUE A OBJETIVO CIVIL CON EFECTO INDISCRIMINADO","GUERRILLA","ELN","0","0","0","0","0","0","0","0","0",,,"0","1","1","ARTEFACTO EXPLOSIVO","POINT (-74.1810727 4.316107698)"
"185,293","CR020249","1,992","4","1","76001","SANTIAGO DE CALI","VALLE DEL CAUCA","SUR DEL VALLE","ATAQUE A OBJETIVO CIVIL CON EFECTO INDISCRIMINADO","GUERRILLA","FARC","0","0","0","0","0","0","6","0","0",,,"3","0","3","ARTEFACTO EXPLOSIVO","POINT (-76.521469 3.414162)"
"185,294","CR048156","1,992","9","1","05001","MEDELLIN","ANTIOQUIA","VALLE DE ABURRA","ATAQUE A OBJETIVO CIVIL CON EFECTO INDISCRIMINADO","DESCONOCIDO","NO APLICA","0","0","0","0","0","0","8","0","0",,,"0","9","9","ARTEFACTO EXPLOSIVO","POINT (-75.578661 6.250063)"
"185,295","CR005158","1,992","12","11","11001","BOGOTA, D.C.","BOGOTA, D. C.","AREA METROPOLITANA DE BOGOTA","ATAQUE A OBJETIVO CIVIL CON EFECTO INDISCRIMINADO","GUERRILLA","ELN","0","0","0","0","0","0","9","0","0",,,"0","0","0","ARTEFACTO EXPLOSIVO","POINT (-74.1810727 4.316107698)"
"185,296",,"1,993","2","10","68081","BARRANCABERMEJA","SANTANDER","MAGDALENA MEDIO","ATAQUE A OBJETIVO CIVIL CON EFECTO INDISCRIMINADO","GUERRILLA","NO IDENTIFICADA","0","0","0","0","0","0","0","0","0",,,"0","16","16","ARTEFACTO EXPLOSIVO","POINT (-73.78211646 7.054074558)"
"185,297",,"1,995","6","10","05001","MEDELLIN","ANTIOQUIA","VALLE DE ABURRA","ATAQUE A OBJETIVO CIVIL CON EFECTO INDISCRIMINADO","GUERRILLA","FARC","0","0","0","0","0","0","99","0","0",,,"0","23","23","ARTEFACTO EXPLOSIVO","POINT (-75.578661 6.250063)"
"185,299","CR018229","1,995","7","9","11001","BOGOTA, D.C.","BOGOTA, D. C.","AREA METROPOLITANA DE BOGOTA","ATAQUE A OBJETIVO CIVIL CON EFECTO INDISCRIMINADO","GUERRILLA","FARC","0","0","0","0","0","0","4","0","0",,,"0","0","0","ARTEFACTO EXPLOSIVO","POINT (-74.1810727 4.316107698)"
"185,300","CR005095","1,995","10","17","11001","BOGOTA, D.C.","BOGOTA, D. C.","AREA METROPOLITANA DE BOGOTA","ATAQUE A OBJETIVO CIVIL CON EFECTO INDISCRIMINADO","GRUPO ARMADO NO IDENTIFICADO","NO APLICA","0","0","0","0","0","0","12","0","0",,,"0","2","2","ARTEFACTO EXPLOSIVO","POINT (-74.1810727 4.316107698)"
"185,301","CR005112","1,996","10","4","05001","MEDELLIN","ANTIOQUIA","VALLE DE ABURRA","ATAQUE A OBJETIVO CIVIL CON EFECTO INDISCRIMINADO","GUERRILLA","ELN","0","0","0","0","0","0","4","0","0",,,"0","1","1","ARTEFACTO EXPLOSIVO","POINT (-75.578661 6.250063)"
"185,302","CR023021","1,996","10","21","23001","MONTERIA","CORDOBA","ALTO SINU Y SAN JORGE","ATAQUE A OBJETIVO CIVIL CON EFECTO INDISCRIMINADO","GUERRILLA","FARC","0","0","0","0","0","0","11","0","0",,"7-POLICÍAS HERIDOS","0","0","0","ARTEFACTO EXPLOSIVO","POINT (-75.95055079 8.584698016)"
"185,303","CR005116","1,996","12","16","05001","MEDELLIN","ANTIOQUIA","VALLE DE ABURRA","ATAQUE A OBJETIVO CIVIL CON EFECTO INDISCRIMINADO","GRUPO ARMADO NO IDENTIFICADO","NO APLICA","0","0","0","0","0","0","48","0","0",,,"0","1","1","ARTEFACTO EXPLOSIVO","POINT (-75.578661 6.250063)"
"185,304","CR005103","1,996","12","17","23001","MONTERIA","CORDOBA","ALTO SINU Y SAN JORGE","ATAQUE A OBJETIVO CIVIL CON EFECTO INDISCRIMINADO","GUERRILLA","FARC","0","0","0","0","0","0","36","0","0",,,"0","4","4","ARTEFACTO EXPLOSIVO","POINT (-75.95055079 8.584698016)"
"185,305","CR023019","1,997","3","10","23001","MONTERIA","CORDOBA","ALTO SINU Y SAN JORGE","ATAQUE A OBJETIVO CIVIL CON EFECTO INDISCRIMINADO","GUERRILLA","NO IDENTIFICADA","0","0","0","0","0","0","22","0","0",,,"0","0","0","ARTEFACTO EXPLOSIVO","POINT (-75.95055079 8.584698016)"
"185,306","CR005135","1,997","3","17","54001","CUCUTA","NORTE DE SANTANDER","AREA METROPOLITANA DE CUCUTA","ATAQUE A OBJETIVO CIVIL CON EFECTO INDISCRIMINADO","GUERRILLA","ELN","0","0","0","0","0","0","4","0","0",,,"0","1","1","ARTEFACTO EXPLOSIVO","POINT (-72.48862641 8.112041811)"
"185,307","CR005105","1,997","6","24","05001","MEDELLIN","ANTIOQUIA","VALLE DE ABURRA","ATAQUE A OBJETIVO CIVIL CON EFECTO INDISCRIMINADO","GUERRILLA","FARC","0","0","0","0","0","0","11","0","0",,,"0","0","0","ARTEFACTO EXPLOSIVO","POINT (-75.578661 6.250063)"
"185,308","CR036067","1,997","7","27","05040","ANORI","ANTIOQUIA","NORDESTE ANTIOQUEÑO","ATAQUE A OBJETIVO CIVIL CON EFECTO INDISCRIMINADO","GUERRILLA","NO IDENTIFICADA","0","0","0","0","0","0","0","0","0",,,"0","20","20","ARTEFACTO EXPLOSIVO","POINT (-75.10848954 7.193110778)"
"185,309","CR005177","1,998","2","6","25878","VIOTA","CUNDINAMARCA","SUROCCIDENTE DE CUNDINAMARCA","ATAQUE A OBJETIVO MILITAR CON EFECTO INDISCRIMINADO","GUERRILLA","NO IDENTIFICADA","0","0","0","0","0","0","8","0","0",,,"0","1","1","ARTEFACTO EXPLOSIVO","POINT (-74.48543339 4.436054105)"
"185,310",,"1,998","2","6","25878","VIOTA","CUNDINAMARCA","SUROCCIDENTE DE CUNDINAMARCA","ATAQUE A OBJETIVO MILITAR CON EFECTO INDISCRIMINADO","GUERRILLA","FARC","0","0","0","0","0","0","10","0","0",,,"0","1","1","ARTEFACTO EXPLOSIVO","POINT (-74.48543339 4.436054105)"
"185,311","CR018872","1,998","2","12","05001","MEDELLIN","ANTIOQUIA","VALLE DE ABURRA","ATAQUE A OBJETIVO CIVIL CON EFECTO INDISCRIMINADO","GUERRILLA","ELN","0","0","0","0","0","0","5","0","0",,,"0","4","4","ARTEFACTO EXPLOSIVO","POINT (-75.61103107 6.257590259)"
"185,312","CR018236","1,998","4","29","44001","RIOHACHA","LA GUAJIRA","SIERRA NEVADA DE SANTA MARTA","ATAQUE A OBJETIVO MILITAR CON EFECTO INDISCRIMINADO","DESCONOCIDO","NO APLICA","0","0","0","0","0","0","6","0","0",,,"0","1","1","ARTEFACTO EXPLOSIVO","POINT (-72.95876315 11.24297214)"
"185,313",,"1,998","9","18","70713","SAN ONOFRE","SUCRE","MONTES DE MARIA","ATAQUE A OBJETIVO CIVIL CON EFECTO INDISCRIMINADO","GRUPO PARAMILITAR","AUTODEFENSAS UNIDAS DE COLOMBIA AUC","0","0","0","0","0","0","0","0","0",,,"0","4","4","ARTEFACTO EXPLOSIVO","POINT (-75.50522919 9.814599536)"
"185,314","CR005123","1,999","2","21","11001","BOGOTA, D.C.","BOGOTA, D. C.","AREA METROPOLITANA DE BOGOTA","ATAQUE A OBJETIVO CIVIL CON EFECTO INDISCRIMINADO","DESCONOCIDO","NO APLICA","0","0","0","0","0","0","9","0","0",,,"0","0","0","ARTEFACTO EXPLOSIVO","POINT (-74.1810727 4.316107698)"
"185,315","CR023015","1,999","7","30","05001","MEDELLIN","ANTIOQUIA","VALLE DE ABURRA","ATAQUE A OBJETIVO MILITAR CON EFECTO INDISCRIMINADO","GUERRILLA","ELN","0","0","0","0","0","0","28","0","0",,,"2","7","9","ARTEFACTO EXPLOSIVO","POINT (-75.61103107 6.257590259)"
"185,316","CR005111","1,999","8","27","23001","MONTERIA","CORDOBA","ALTO SINU Y SAN JORGE","ATAQUE A OBJETIVO CIVIL CON EFECTO INDISCRIMINADO","GUERRILLA","FARC","0","0","0","0","0","0","11","0","0",,,"0","0","0","ARTEFACTO EXPLOSIVO","POINT (-75.95055079 8.584698016)"
"185,317","CR005160","1,999","12","6","05001","MEDELLIN","ANTIOQUIA","VALLE DE ABURRA","ATAQUE A OBJETIVO CIVIL CON EFECTO INDISCRIMINADO","GUERRILLA","ELN","0","0","0","0","0","0","1","0","0",,,"0","0","0","ARTEFACTO EXPLOSIVO","POINT (-75.578661 6.250063)"
"185,318","CR046007","1,999","12","17","86865","VALLE DEL GUAMUEZ","PUTUMAYO","BAJO PUTUMAYO","ATAQUE A OBJETIVO CIVIL CON EFECTO INDISCRIMINADO","GUERRILLA","FARC","0","0","0","0","0","0","24","0","0",,,"0","6","6","ARTEFACTO EXPLOSIVO","POINT (-76.77067026 0.42012589)"
"185,319","CR005131","1,999","12","24","11001","BOGOTA, D.C.","BOGOTA, D. C.","AREA METROPOLITANA DE BOGOTA","ATAQUE A OBJETIVO CIVIL CON EFECTO INDISCRIMINADO","OTRO ¿CUÁL?","NO APLICA","0","0","0","0","0","0","2","0","0",,,"0","0","0","ARTEFACTO EXPLOSIVO","POINT (-74.1810727 4.316107698)"
"185,320","CR018871","2,000","1","18","11001","BOGOTA, D.C.","BOGOTA, D. C.","AREA METROPOLITANA DE BOGOTA","ATAQUE A OBJETIVO CIVIL CON EFECTO INDISCRIMINADO","GUERRILLA","FARC","0","0","0","0","0","0","8","0","0",,,"0","1","1","ARTEFACTO EXPLOSIVO","POINT (-74.107359 4.650173)"
"185,321","CR005022","2,000","3","26","25307","GIRARDOT","CUNDINAMARCA","SUROCCIDENTE DE CUNDINAMARCA","ATAQUE A OBJETIVO MILITAR CON EFECTO INDISCRIMINADO","GRUPO ARMADO NO IDENTIFICADO","NO APLICA","0","0","0","0","0","0","23","0","0",,,"1","0","1","ARTEFACTO EXPLOSIVO","POINT (-74.81143922 4.338154518)"
"185,322","CR005023","2,000","3","30","25123","CACHIPAY","CUNDINAMARCA","ALTIPLANO CUNDIBOYACENSE","ATAQUE A OBJETIVO MILITAR CON EFECTO INDISCRIMINADO","GUERRILLA","FARC","0","0","0","0","0","0","13","0","0",,,"0","3","3","ARTEFACTO EXPLOSIVO","POINT (-74.45919528 4.723063341)"
"185,323","CR018971","2,000","3","31","25123","CACHIPAY","CUNDINAMARCA","ALTIPLANO CUNDIBOYACENSE","ATAQUE A OBJETIVO CIVIL CON EFECTO INDISCRIMINADO","GUERRILLA","FARC","0","1","0","0","0","1","19","0","0",,"CAPTURA DE GUERRILLERO","0","3","3","ARTEFACTO EXPLOSIVO","POINT (-74.45919528 4.723063341)"
"185,324","CR005148","2,000","10","2","68081","BARRANCABERMEJA","SANTANDER","MAGDALENA MEDIO","ATAQUE A OBJETIVO CIVIL CON EFECTO INDISCRIMINADO","GUERRILLA","ELN","0","0","0","0","0","0","9","0","0",,,"0","2","2","ARTEFACTO EXPLOSIVO","POINT (-73.78211646 7.054074558)"
"185,325",,"2,000","11","5","76001","SANTIAGO DE CALI","VALLE DEL CAUCA","SUR DEL VALLE","ATAQUE A OBJETIVO MILITAR CON EFECTO INDISCRIMINADO","GUERRILLA","ELN","0","0","0","0","0","0","6","0","0",,,"0","1","1","ARTEFACTO EXPLOSIVO","POINT (-76.521469 3.414162)"
"185,326","CR005156","2,000","11","18","86568","PUERTO ASIS","PUTUMAYO","BAJO PUTUMAYO","ATAQUE A OBJETIVO CIVIL CON EFECTO INDISCRIMINADO","GUERRILLA","FARC","0","0","0","0","0","0","12","0","0",,,"0","1","2","ARTEFACTO EXPLOSIVO","POINT (-76.52158203 0.433884539)"
"185,328","CR005161","2,000","12","6","05313","GRANADA","ANTIOQUIA","ORIENTE ANTIOQUEÑO","ATAQUE A OBJETIVO MILITAR CON EFECTO INDISCRIMINADO","GUERRILLA","FARC","0","1","0","0","0","0","25","0","0",,,"0","22","28","ARTEFACTO EXPLOSIVO","POINT (-75.184446 6.142892)"
"185,329","CR005146","2,001","8","9","05652","SAN FRANCISCO","ANTIOQUIA","ORIENTE ANTIOQUEÑO","ATAQUE A OBJETIVO MILITAR CON EFECTO INDISCRIMINADO","GUERRILLA","ELN","0","0","0","0","0","0","36","0","0",,,"0","3","3","ARTEFACTO EXPLOSIVO","POINT (-74.98176334 5.840093731)"
"185,330","CR005145","2,001","8","23","05440","MARINILLA","ANTIOQUIA","ORIENTE ANTIOQUEÑO","ATAQUE A OBJETIVO CIVIL CON EFECTO INDISCRIMINADO","GUERRILLA","ELN","0","0","0","0","0","0","26","0","0",,,"0","1","1","ARTEFACTO EXPLOSIVO","POINT (-75.33889 6.172156)"
"185,331","CR041132","2,001","10","7","05667","SAN RAFAEL","ANTIOQUIA","ORIENTE ANTIOQUEÑO","ATAQUE A OBJETIVO CIVIL CON EFECTO INDISCRIMINADO","GUERRILLA","FARC","0","0","0","0","0","0","8","0","0",,,"0","3","3","ARTEFACTO EXPLOSIVO","POINT (-75.02849 6.293759)"
"185,332","CR005149","2,001","10","21","05541","PEÑOL","ANTIOQUIA","ORIENTE ANTIOQUEÑO","ATAQUE A OBJETIVO CIVIL CON EFECTO INDISCRIMINADO","GUERRILLA","ELN","0","0","0","0","0","0","1","0","0",,,"1","5","6","ARTEFACTO EXPLOSIVO","POINT (-75.22350905 6.232396368)"
"185,333","CR005179","2,002","1","25","11001","BOGOTA, D.C.","BOGOTA, D. C.","AREA METROPOLITANA DE BOGOTA","ATAQUE A OBJETIVO MILITAR CON EFECTO INDISCRIMINADO","GUERRILLA","FARC","0","0","0","0","0","0","28","0","0",,,"4","2","6","ARTEFACTO EXPLOSIVO","POINT (-74.1810727 4.316107698)"
"185,335","CR005180","2,002","3","11","50577","PUERTO LLERAS","META","ARIARI GUAYABERO","ATAQUE A OBJETIVO MILITAR CON EFECTO INDISCRIMINADO","GUERRILLA","FARC","0","0","0","0","0","0","8","0","0",,,"3","3","6","ARTEFACTO EXPLOSIVO","POINT (-73.373743 3.269732)"
"185,336","CR046671","2,002","3","28","95015","CALAMAR","GUAVIARE","ARIARI GUAYABERO","DESCONOCIDA","GRUPO ARMADO NO IDENTIFICADO","NO APLICA","0","0","0","0","0","0","0","0","0",,,"0","4","4","ARTEFACTO EXPLOSIVO","POINT (-73.0342639 1.613634284)"
"185,337","CR018154","2,002","3","30","99001","PUERTO CARREÑO","VICHADA","ALTILLANURA","ATAQUE A OBJETIVO MILITAR CON EFECTO INDISCRIMINADO","GUERRILLA","FARC","0","0","0","0","0","0","21","0","0",,,"6","0","6","ARTEFACTO EXPLOSIVO","POINT (-68.14122234 5.836529669)"
"185,338","CR005137","2,002","4","5","50287","FUENTE DE ORO","META","ARIARI GUAYABERO","DESCONOCIDA","GUERRILLA","FARC","0","0","0","0","0","0","0","0","0",,,"0","0","0","ARTEFACTO EXPLOSIVO","POINT (-73.59625429 3.382370124)"
"185,339","CR005114","2,002","4","7","50001","VILLAVICENCIO","META","PIEDEMONTE LLANERO","ATAQUE A OBJETIVO CIVIL CON EFECTO INDISCRIMINADO","GUERRILLA","FARC","0","0","0","0","0","0","70","0","0",,,"0","10","10","ARTEFACTO EXPLOSIVO","POINT (-73.49291594 4.09166877)"
"185,340",,"2,002","4","14","08001","BARRANQUILLA","ATLANTICO","NORTE DE ATLANTICO","ATAQUE A OBJETIVO CIVIL CON EFECTO INDISCRIMINADO","GUERRILLA","FARC","0","0","0","0","0","0","13","0","0",,,"0","4","4","ARTEFACTO EXPLOSIVO","POINT (-74.82771544 10.98152051)"
"185,341",,"2,002","4","15","76364","JAMUNDI","VALLE DEL CAUCA","SUR DEL VALLE","DESCONOCIDA","GRUPO PARAMILITAR","NO IDENTIFICADO","0","0","0","0","0","0","2","0","0",,,"0","3","3","ARTEFACTO EXPLOSIVO","POINT (-76.62760418 3.213892389)"
"185,342","CR005099","2,002","5","20","05390","LA PINTADA","ANTIOQUIA","SUROESTE ANTIOQUEÑO","ATAQUE A OBJETIVO CIVIL CON EFECTO INDISCRIMINADO","GUERRILLA","FARC","0","0","0","0","0","0","11","0","0",,,"0","1","1","ARTEFACTO EXPLOSIVO","POINT (-75.60220206 5.746583958)"
"185,343","CR005133","2,002","5","20","05390","LA PINTADA","ANTIOQUIA","SUROESTE ANTIOQUEÑO","ATAQUE A OBJETIVO CIVIL CON EFECTO INDISCRIMINADO","GUERRILLA","FARC","0","0","0","0","0","0","11","0","0",,,"0","1","1","ARTEFACTO EXPLOSIVO","POINT (-75.60220206 5.746583958)"
"185,344","CR005140","2,002","6","2","05172","CHIGORODO","ANTIOQUIA","URABA","ATAQUE A OBJETIVO MILITAR CON EFECTO INDISCRIMINADO","GUERRILLA","FARC","0","0","0","0","0","0","24","0","0",,,"1","8","9","ARTEFACTO EXPLOSIVO","POINT (-76.63964213 7.631665644)"
"185,345","CR005102","2,002","7","9","19455","MIRANDA","CAUCA","NORTE DEL CAUCA","ATAQUE A OBJETIVO CIVIL CON EFECTO INDISCRIMINADO","GUERRILLA","FARC","0","0","0","0","0","0","6","0","0",,,"0","1","1","ARTEFACTO EXPLOSIVO","POINT (-76.229046 3.253161)"
"185,346","CR005094","2,002","7","20","05315","GUADALUPE","ANTIOQUIA","NORTE DE ANTIOQUIA","ATAQUE A OBJETIVO CIVIL CON EFECTO INDISCRIMINADO","GUERRILLA","FARC","0","0","0","0","0","0","10","0","0",,,"0","0","0","ARTEFACTO EXPLOSIVO","POINT (-75.22591303 6.861576325)"
"185,347","CR005143","2,002","7","24","25662","SAN JUAN DE RIOSECO","CUNDINAMARCA","ALTIPLANO CUNDIBOYACENSE","ATAQUE A OBJETIVO CIVIL CON EFECTO INDISCRIMINADO","GUERRILLA","FARC","0","0","0","0","0","0","5","0","0",,,"3","0","3","ARTEFACTO EXPLOSIVO","POINT (-74.61525985 4.814537831)"
"185,348","CR005174","2,002","7","28","18753","SAN VICENTE DEL CAGUAN","CAQUETA","CAGUAN","ATAQUE A OBJETIVO MILITAR CON EFECTO INDISCRIMINADO","GUERRILLA","FARC","0","0","1","0","0","0","3","0","0",,,"0","0","0","ARTEFACTO EXPLOSIVO","POINT (-74.19746971 1.308465061)"
"185,349","CR007134","2,002","8","10","81794","TAME","ARAUCA","SARARE","ATAQUE A OBJETIVO MILITAR CON EFECTO INDISCRIMINADO","GUERRILLA","FARC","0","0","0","0","0","0","6","0","0",,,"0","0","0","ARTEFACTO EXPLOSIVO","POINT (-71.79178647 6.390650479)"
"185,350",,"2,002","9","6","66170","DOSQUEBRADAS","RISARALDA","EJE CAFETERO","ATAQUE A OBJETIVO CIVIL CON EFECTO INDISCRIMINADO","GRUPO ARMADO NO IDENTIFICADO","NO APLICA","0","0","0","0","0","0","16","0","0",,,"1","1","2","ARTEFACTO EXPLOSIVO","POINT (-75.682469 4.8272)"
"185,351","CR018420","2,002","9","13","81736","SARAVENA","ARAUCA","SARARE","ATAQUE A OBJETIVO MILITAR CON EFECTO INDISCRIMINADO","GUERRILLA","FARC","0","0","0","0","0","0","23","0","0",,,"0","4","4","ARTEFACTO EXPLOSIVO","POINT (-71.85070757 6.906941714)"
"185,352",,"2,002","9","16","81065","ARAUQUITA","ARAUCA","SARARE","ATAQUE A OBJETIVO MILITAR CON EFECTO INDISCRIMINADO","GUERRILLA","NO IDENTIFICADA","0","0","0","0","0","0","6","0","0",,,"0","1","1","ARTEFACTO EXPLOSIVO","POINT (-71.29827429 6.799338394)"
"185,353","CR005097","2,002","10","7","13244","EL CARMEN DE BOLIVAR","BOLIVAR","MONTES DE MARIA","ATAQUE A OBJETIVO CIVIL CON EFECTO INDISCRIMINADO","GUERRILLA","FARC","0","0","0","0","0","0","5","0","0",,,"0","0","0","ARTEFACTO EXPLOSIVO","POINT (-75.15793573 9.699819876)"
"185,354","CR005178","2,002","10","11","25312","GRANADA","CUNDINAMARCA","SUMAPAZ","ATAQUE A OBJETIVO MILITAR CON EFECTO INDISCRIMINADO","GUERRILLA","FARC","0","0","0","0","0","0","10","0","0",,,"0","0","0","ARTEFACTO EXPLOSIVO","POINT (-74.33724619 4.523484884)"
"185,355","CR005038","2,002","10","28","81001","ARAUCA","ARAUCA","LLANOS ORIENTALES","ATAQUE A OBJETIVO CIVIL CON EFECTO INDISCRIMINADO","GUERRILLA","FARC","0","0","0","0","0","0","7","0","0",,,"2","0","2","ARTEFACTO EXPLOSIVO","POINT (-70.50921153 6.796280825)"
"185,356","CR005100","2,002","10","28","08001","BARRANQUILLA","ATLANTICO","NORTE DE ATLANTICO","ATAQUE A OBJETIVO CIVIL CON EFECTO INDISCRIMINADO","GUERRILLA","FARC","0","0","0","0","0","0","33","0","0",,,"0","0","0","ARTEFACTO EXPLOSIVO","POINT (-74.815324 10.977998)"
"185,357","CR005157","2,002","11","13","54001","CUCUTA","NORTE DE SANTANDER","AREA METROPOLITANA DE CUCUTA","ATAQUE A OBJETIVO CIVIL CON EFECTO INDISCRIMINADO","GUERRILLA","ELN","0","0","0","0","0","0","3","0","0",,,"0","0","0","ARTEFACTO EXPLOSIVO","POINT (-72.48862641 8.112041811)"
"185,358","CR005104","2,002","11","14","25224","CUCUNUBA","CUNDINAMARCA","ALTIPLANO CUNDIBOYACENSE","ATAQUE A OBJETIVO CIVIL CON EFECTO INDISCRIMINADO","GUERRILLA","ELN","0","0","0","0","0","0","4","0","0",,,"0","0","0","ARTEFACTO EXPLOSIVO","POINT (-73.78001885 5.230308105)"
"185,359","CR048326","2,002","11","16","47001","SANTA MARTA","MAGDALENA","SIERRA NEVADA DE SANTA MARTA","ATAQUE A OBJETIVO CIVIL CON EFECTO INDISCRIMINADO","GUERRILLA","FARC","0","0","0","0","0","0","6","0","0",,,"0","2","2","ARTEFACTO EXPLOSIVO","POINT (-74.200077 11.204685)"
"185,360","CR005162","2,002","12","16","41001","NEIVA","HUILA","NORTE DEL HUILA","ATAQUE A OBJETIVO CIVIL CON EFECTO INDISCRIMINADO","GUERRILLA","FARC","0","0","0","0","0","0","21","0","0",,,"0","1","1","ARTEFACTO EXPLOSIVO","POINT (-75.27236232 2.993360046)"
"185,361","CR005119","2,003","1","9","81300","FORTUL","ARAUCA","SARARE","ATAQUE A OBJETIVO CIVIL CON EFECTO INDISCRIMINADO","GUERRILLA","FARC","0","0","0","0","0","0","14","0","0",,,"0","4","4","ARTEFACTO EXPLOSIVO","POINT (-71.79124241 6.750907234)"
"185,362","CR005120","2,003","1","16","05001","MEDELLIN","ANTIOQUIA","VALLE DE ABURRA","ATAQUE A OBJETIVO CIVIL CON EFECTO INDISCRIMINADO","GUERRILLA","FARC","0","0","0","0","0","0","27","0","0",,,"0","5","5","ARTEFACTO EXPLOSIVO","POINT (-75.578661 6.250063)"
"185,363","CR005125","2,003","1","25","18753","SAN VICENTE DEL CAGUAN","CAQUETA","CAGUAN","ATAQUE A OBJETIVO CIVIL CON EFECTO INDISCRIMINADO","GUERRILLA","FARC","0","0","0","0","0","0","6","0","0",,,"0","0","0","ARTEFACTO EXPLOSIVO","POINT (-74.19746971 1.308465061)"
"185,364","CR005132","2,003","2","7","11001","BOGOTA, D.C.","BOGOTA, D. C.","AREA METROPOLITANA DE BOGOTA","ATAQUE A OBJETIVO CIVIL CON EFECTO INDISCRIMINADO","GUERRILLA","FARC","0","0","0","0","0","0","200","0","0",,,"0","36","36","ARTEFACTO EXPLOSIVO","POINT (-74.1810727 4.316107698)"
"185,365","CR005152","2,003","3","5","54001","CUCUTA","NORTE DE SANTANDER","AREA METROPOLITANA DE CUCUTA","ATAQUE A OBJETIVO CIVIL CON EFECTO INDISCRIMINADO","GUERRILLA","ELN","0","0","0","0","0","0","70","0","0",,,"0","13","13","ARTEFACTO EXPLOSIVO","POINT (-72.48862641 8.112041811)"
"185,366","CR005126","2,003","5","25","95015","CALAMAR","GUAVIARE","ARIARI GUAYABERO","ATAQUE A OBJETIVO MILITAR CON EFECTO INDISCRIMINADO","GRUPO ARMADO NO IDENTIFICADO","NO APLICA","0","0","0","0","0","0","3","0","0",,,"0","1","1","ARTEFACTO EXPLOSIVO","POINT (-73.0342639 1.613634284)"
"185,367","CR047087","2,003","7","2","41359","ISNOS","HUILA","SUR DEL HUILA","ATAQUE A OBJETIVO MILITAR CON EFECTO INDISCRIMINADO","GUERRILLA","FARC","0","0","0","0","0","0","9","0","0",,,"1","0","1","ARTEFACTO EXPLOSIVO","POINT (-76.18204722 1.945591321)"
"185,368",,"2,003","7","5","18256","EL PAUJIL","CAQUETA","FLORENCIA Y AREA DE INFLUENCIA","ATAQUE A OBJETIVO MILITAR CON EFECTO INDISCRIMINADO","GUERRILLA","FARC","0","0","0","0","0","0","17","0","0",,,"0","0","0","ARTEFACTO EXPLOSIVO","POINT (-75.20231825 1.476630016)"
"185,369",,"2,003","7","8","18256","EL PAUJIL","CAQUETA","FLORENCIA Y AREA DE INFLUENCIA","ATAQUE A OBJETIVO CIVIL CON EFECTO INDISCRIMINADO","GUERRILLA","FARC","0","0","0","0","0","0","3","0","0",,,"0","1","1","ARTEFACTO EXPLOSIVO","POINT (-75.20231825 1.476630016)"
"185,370","CR005144","2,003","7","17","81001","ARAUCA","ARAUCA","LLANOS ORIENTALES","ATAQUE A OBJETIVO CIVIL CON EFECTO INDISCRIMINADO","GUERRILLA","NO IDENTIFICADA","0","0","0","0","0","0","0","0","0",,,"0","0","0","ARTEFACTO EXPLOSIVO","POINT (-70.50921153 6.796280825)"
"185,371","CR005168","2,003","7","31","15757","SOCHA","BOYACA","ALTIPLANO CUNDIBOYACENSE","DESCONOCIDA","GUERRILLA","FARC","0","0","0","0","0","0","15","0","0",,,"0","0","0","ARTEFACTO EXPLOSIVO","POINT (-72.68239784 5.960498836)"
"185,372","CR047110","2,003","8","10","50689","SAN MARTIN","META","PIEDEMONTE LLANERO","ATAQUE A OBJETIVO CIVIL CON EFECTO INDISCRIMINADO","GUERRILLA","FARC","0","0","0","0","0","0","20","0","0",,,"0","1","1","ARTEFACTO EXPLOSIVO","POINT (-72.65672742 3.515860962)"
"185,373","CR048988","2,003","8","24","50590","PUERTO RICO","META","ARIARI GUAYABERO","ATAQUE A OBJETIVO MILITAR CON EFECTO INDISCRIMINADO","GUERRILLA","FARC","0","0","0","0","0","0","39","0","0",,,"0","0","5","ARTEFACTO EXPLOSIVO","POINT (-73.13780171 2.758083657)"
"185,374","CR005164","2,003","9","10","15183","CHITA","BOYACA","ALTIPLANO CUNDIBOYACENSE","ATAQUE A OBJETIVO CIVIL CON EFECTO INDISCRIMINADO","GUERRILLA","FARC","0","0","0","0","0","0","15","0","0",,,"0","8","9","ARTEFACTO EXPLOSIVO","POINT (-72.43903174 6.091468485)"
"185,375","CR005109","2,003","10","8","11001","BOGOTA, D.C.","BOGOTA, D. C.","AREA METROPOLITANA DE BOGOTA","ATAQUE A OBJETIVO CIVIL CON EFECTO INDISCRIMINADO","GUERRILLA","FARC","0","0","0","0","0","0","19","0","0",,,"2","4","6","ARTEFACTO EXPLOSIVO","POINT (-74.1810727 4.316107698)"
"185,376",,"2,003","10","14","81736","SARAVENA","ARAUCA","SARARE","ATAQUE A OBJETIVO MILITAR CON EFECTO INDISCRIMINADO","GUERRILLA","FARC","0","0","0","0","0","0","5","0","0",,,"0","0","0","ARTEFACTO EXPLOSIVO","POINT (-71.85070757 6.906941714)"
"185,377","CR005041","2,003","10","15","81300","FORTUL","ARAUCA","SARARE","ATAQUE A OBJETIVO MILITAR CON EFECTO INDISCRIMINADO","GUERRILLA","NO IDENTIFICADA","0","0","0","0","0","0","4","0","0",,,"0","1","1","ARTEFACTO EXPLOSIVO","POINT (-71.79124241 6.750907234)"
"185,378",,"2,003","10","16","81300","FORTUL","ARAUCA","SARARE","ATAQUE A OBJETIVO MILITAR CON EFECTO INDISCRIMINADO","GUERRILLA","FARC","0","0","0","0","0","0","3","0","0",,,"0","2","2","ARTEFACTO EXPLOSIVO","POINT (-71.79124241 6.750907234)"
"185,379","CR005151","2,003","10","22","86865","VALLE DEL GUAMUEZ","PUTUMAYO","BAJO PUTUMAYO","ATAQUE A OBJETIVO CIVIL CON EFECTO INDISCRIMINADO","GRUPO ARMADO NO IDENTIFICADO","NO APLICA","0","0","0","0","0","0","13","0","0",,,"0","2","2","ARTEFACTO EXPLOSIVO","POINT (-76.906751 0.423506)"
"185,381","CR005150","2,003","10","25","05887","YARUMAL","ANTIOQUIA","NORTE DE ANTIOQUIA","ATAQUE A OBJETIVO CIVIL CON EFECTO INDISCRIMINADO","GUERRILLA","FARC","0","0","0","0","0","1","12","0","0",,,"0","7","7","ARTEFACTO EXPLOSIVO","POINT (-75.418828 6.963832)"
"185,382","CR018227","2,003","10","26","05887","YARUMAL","ANTIOQUIA","NORTE DE ANTIOQUIA","ATAQUE A OBJETIVO CIVIL CON EFECTO INDISCRIMINADO","DESCONOCIDO","NO APLICA","0","0","0","0","0","0","11","0","0",,,"0","5","5","ARTEFACTO EXPLOSIVO","POINT (-75.45439957 6.9881309)"
"185,383",,"2,003","11","10","05361","ITUANGO","ANTIOQUIA","NORTE DE ANTIOQUIA","ATAQUE A OBJETIVO MILITAR CON EFECTO INDISCRIMINADO","GUERRILLA","FARC","0","0","0","0","0","0","9","0","0",,,"0","0","0","ARTEFACTO EXPLOSIVO","POINT (-75.67842277 7.341549718)"
"185,384",,"2,003","11","27","81794","TAME","ARAUCA","SARARE","DESCONOCIDA","GUERRILLA","FARC","0","0","0","0","0","0","3","0","0",,,"0","1","1","ARTEFACTO EXPLOSIVO","POINT (-71.79178647 6.390650479)"
"185,385",,"2,003","11","27","81794","TAME","ARAUCA","SARARE","ATAQUE A OBJETIVO CIVIL CON EFECTO INDISCRIMINADO","GRUPO ARMADO NO IDENTIFICADO","NO APLICA","0","0","0","0","0","0","4","0","0",,,"0","2","2","ARTEFACTO EXPLOSIVO","POINT (-71.79178647 6.390650479)"
"185,386",,"2,003","12","16","08001","BARRANQUILLA","ATLANTICO","NORTE DE ATLANTICO","ATAQUE A OBJETIVO CIVIL CON EFECTO INDISCRIMINADO","GUERRILLA","NO IDENTIFICADA","0","0","0","0","0","0","73","0","0",,,"0","1","1","ARTEFACTO EXPLOSIVO","POINT (-74.82771544 10.98152051)"
"185,387","CR005101","2,004","5","2","11001","BOGOTA, D.C.","BOGOTA, D. C.","AREA METROPOLITANA DE BOGOTA","ATAQUE A OBJETIVO CIVIL CON EFECTO INDISCRIMINADO","GRUPO PARAMILITAR","NO IDENTIFICADO","0","0","0","0","0","0","11","0","0",,,"0","0","0","ARTEFACTO EXPLOSIVO","POINT (-74.1810727 4.316107698)"
"185,388","CR005107","2,004","5","4","81794","TAME","ARAUCA","SARARE","ATAQUE A OBJETIVO CIVIL CON EFECTO INDISCRIMINADO","GUERRILLA","FARC","0","0","0","0","0","0","37","0","0",,,"0","2","2","ARTEFACTO EXPLOSIVO","POINT (-71.79178647 6.390650479)"
"185,389","CR005106","2,004","5","15","05667","SAN RAFAEL","ANTIOQUIA","ORIENTE ANTIOQUEÑO","ATAQUE A OBJETIVO CIVIL CON EFECTO INDISCRIMINADO","GRUPO PARAMILITAR","NO IDENTIFICADO","0","0","0","0","0","0","14","0","0",,,"0","1","1","ARTEFACTO EXPLOSIVO","POINT (-74.99858652 6.31074453)"
"185,390","CR005108","2,004","5","22","05649","SAN CARLOS","ANTIOQUIA","ORIENTE ANTIOQUEÑO","ATAQUE A OBJETIVO CIVIL CON EFECTO INDISCRIMINADO","GRUPO PARAMILITAR","AUTODEFENSAS UNIDAS DE COLOMBIA AUC","0","0","0","0","0","0","14","0","0",,,"0","3","3","ARTEFACTO EXPLOSIVO","POINT (-74.90732769 6.193789659)"
"185,391","CR005115","2,004","5","23","05045","APARTADO","ANTIOQUIA","URABA","ATAQUE A OBJETIVO CIVIL CON EFECTO INDISCRIMINADO","GUERRILLA","FARC","0","0","0","0","0","0","26","0","0",,,"0","7","7","ARTEFACTO EXPLOSIVO","POINT (-76.58236264 7.86047815)"
"185,392","CR005169","2,005","5","3","81736","SARAVENA","ARAUCA","SARARE","DESCONOCIDA","GUERRILLA","NO IDENTIFICADA","0","0","0","0","0","0","0","0","0",,,"0","0","0","ARTEFACTO EXPLOSIVO","POINT (-71.85070757 6.906941714)"
"185,393",,"2,005","8","6","81001","ARAUCA","ARAUCA","LLANOS ORIENTALES","ATAQUE A OBJETIVO CIVIL CON EFECTO INDISCRIMINADO","GUERRILLA","NO IDENTIFICADA","0","0","0","0","0","0","26","0","0",,,"0","1","1","ARTEFACTO EXPLOSIVO","POINT (-70.50921153 6.796280825)"
"185,395","CR005110","2,005","11","25","18001","FLORENCIA","CAQUETA","FLORENCIA Y AREA DE INFLUENCIA","ATAQUE A OBJETIVO CIVIL CON EFECTO INDISCRIMINADO","GRUPO PARAMILITAR","AUTODEFENSAS UNIDAS DE COLOMBIA AUC","0","0","1","0","0","0","36","0","0",,,"0","1","1","ARTEFACTO EXPLOSIVO","POINT (-75.55823906 1.749138704)"
"185,396","CR005176","2,006","3","6","18753","SAN VICENTE DEL CAGUAN","CAQUETA","CAGUAN","ATAQUE A OBJETIVO MILITAR CON EFECTO INDISCRIMINADO","GUERRILLA","FARC","0","0","0","0","0","0","7","0","0",,,"1","3","4","ARTEFACTO EXPLOSIVO","POINT (-74.19746971 1.308465061)"
"185,397","CR010018","2,006","4","6","11001","BOGOTA, D.C.","BOGOTA, D. C.","AREA METROPOLITANA DE BOGOTA","ATAQUE A OBJETIVO CIVIL CON EFECTO INDISCRIMINADO","GUERRILLA","FARC","0","0","0","0","0","0","22","0","0",,,"0","3","3","ARTEFACTO EXPLOSIVO","POINT (-74.1810727 4.316107698)"
"185,398","CR047498","2,006","8","4","76001","SANTIAGO DE CALI","VALLE DEL CAUCA","SUR DEL VALLE","ATAQUE A OBJETIVO MILITAR CON EFECTO INDISCRIMINADO","DESCONOCIDO","NO APLICA","0","0","0","0","0","0","9","0","0",,,"6","1","7","ARTEFACTO EXPLOSIVO","POINT (-76.521469 3.414162)"
"185,399",,"2,006","8","18","76109","BUENAVENTURA","VALLE DEL CAUCA","ANDEN PACIFICO SUR","ATAQUE A OBJETIVO CIVIL CON EFECTO INDISCRIMINADO","GUERRILLA","FARC","0","0","0","0","0","0","13","0","0",,,"0","1","1","ARTEFACTO EXPLOSIVO","POINT (-77.11872831 3.493340766)"
"185,400","CR010020","2,006","10","19","11001","BOGOTA, D.C.","BOGOTA, D. C.","AREA METROPOLITANA DE BOGOTA","ATAQUE A OBJETIVO MILITAR CON EFECTO INDISCRIMINADO","GUERRILLA","FARC","0","0","0","0","0","0","20","0","0",,,"0","0","0","ARTEFACTO EXPLOSIVO","POINT (-74.1810727 4.316107698)"
"185,401","CR2017185401","2,007","1","21","76109","BUENAVENTURA","VALLE DEL CAUCA","ANDEN PACIFICO SUR","ATAQUE A OBJETIVO MILITAR CON EFECTO INDISCRIMINADO","GUERRILLA","FARC","0","0","0","0","0","0","14","0","0",,,"2","4","6","ARTEFACTO EXPLOSIVO","POINT (-77.01074 3.875708)"
"185,402",,"2,007","2","9","76109","BUENAVENTURA","VALLE DEL CAUCA","ANDEN PACIFICO SUR","ATAQUE A OBJETIVO MILITAR CON EFECTO INDISCRIMINADO","GUERRILLA","FARC","0","0","0","0","0","0","8","0","0",,,"0","1","1","ARTEFACTO EXPLOSIVO","POINT (-77.11872831 3.493340766)"
"185,403","CR011112","2,007","3","1","41001","NEIVA","HUILA","NORTE DEL HUILA","ATAQUE A OBJETIVO CIVIL CON EFECTO INDISCRIMINADO","GUERRILLA","FARC","0","0","0","0","0","0","10","0","0",,,"0","0","0","ARTEFACTO EXPLOSIVO","POINT (-75.27236232 2.993360046)"
"185,404","CR005153","2,007","10","22","86568","PUERTO ASIS","PUTUMAYO","BAJO PUTUMAYO","ATAQUE A OBJETIVO CIVIL CON EFECTO INDISCRIMINADO","GUERRILLA","FARC","0","0","0","0","0","0","7","0","0",,,"0","2","2","ARTEFACTO EXPLOSIVO","POINT (-76.52158203 0.433884539)"
"185,405",,"2,008","6","9","11001","BOGOTA, D.C.","BOGOTA, D. C.","AREA METROPOLITANA DE BOGOTA","ATAQUE A OBJETIVO CIVIL CON EFECTO INDISCRIMINADO","GUERRILLA","FARC","0","1","0","0","0","1","1","0","0",,,"0","1","1","ARTEFACTO EXPLOSIVO","POINT (-74.1810727 4.316107698)"
"185,406","CR018223","2,008","8","14","05361","ITUANGO","ANTIOQUIA","NORTE DE ANTIOQUIA","ATAQUE A OBJETIVO MILITAR CON EFECTO INDISCRIMINADO","GUERRILLA","FARC","0","0","0","0","0","0","51","0","0",,,"0","7","7","ARTEFACTO EXPLOSIVO","POINT (-75.67842277 7.341549718)"
"185,407",,"2,008","8","19","05667","SAN RAFAEL","ANTIOQUIA","ORIENTE ANTIOQUEÑO","ATAQUE A OBJETIVO MILITAR CON EFECTO INDISCRIMINADO","GUERRILLA","FARC","0","0","0","0","0","0","0","0","0",,,"0","1","1","ARTEFACTO EXPLOSIVO","POINT (-74.99858652 6.31074453)"
"185,408","CR018225","2,008","12","14","05667","SAN RAFAEL","ANTIOQUIA","ORIENTE ANTIOQUEÑO","ATAQUE A OBJETIVO CIVIL CON EFECTO INDISCRIMINADO","GUERRILLA","FARC","0","0","0","0","0","0","11","0","0",,,"0","0","0","ARTEFACTO EXPLOSIVO","POINT (-74.99858652 6.31074453)"
"185,409","CR002076","2,009","1","13","52621","ROBERTO PAYAN","NARIÑO","ANDEN PACIFICO SUR","ATAQUE A OBJETIVO MILITAR CON EFECTO INDISCRIMINADO","GUERRILLA","FARC","0","0","0","0","0","0","8","0","0",,,"0","5","5","ARMA DE FUEGO - ARTEFACTO EXPLOSIVO","POINT (-78.245716 1.697492)"
"185,410",,"2,009","1","29","11001","BOGOTA, D.C.","BOGOTA, D. C.","AREA METROPOLITANA DE BOGOTA","ATAQUE A OBJETIVO CIVIL CON EFECTO INDISCRIMINADO","GUERRILLA","FARC","0","0","0","0","0","1","12","0","0",,,"0","2","2","ARTEFACTO EXPLOSIVO","POINT (-74.1810727 4.316107698)"
"185,411",,"2,009","2","1","76001","SANTIAGO DE CALI","VALLE DEL CAUCA","SUR DEL VALLE","ATAQUE A OBJETIVO MILITAR CON EFECTO INDISCRIMINADO","GRUPO ARMADO NO IDENTIFICADO","NO APLICA","0","0","0","0","0","0","12","0","0",,,"0","2","2","ARTEFACTO EXPLOSIVO","POINT (-76.57649259 3.399043723)"
"185,412",,"2,009","2","12","54206","CONVENCION","NORTE DE SANTANDER","CATATUMBO","ATAQUE A OBJETIVO MILITAR CON EFECTO INDISCRIMINADO","GUERRILLA","ELN","0","0","0","0","0","0","15","0","0",,,"3","6","9","ARTEFACTO EXPLOSIVO","POINT (-73.20007769 8.873159895)"
"185,413","CR018304","2,009","3","28","05045","APARTADO","ANTIOQUIA","URABA","ATAQUE A OBJETIVO CIVIL CON EFECTO INDISCRIMINADO","GRUPO ARMADO NO IDENTIFICADO","NO APLICA","0","0","0","0","0","0","15","0","0",,,"0","0","0","ARTEFACTO EXPLOSIVO","POINT (-76.58236264 7.86047815)"
"185,414","CR000025","2,009","5","9","52678","SAMANIEGO","NARIÑO","OCCIDENTE DE NARIÑO","ATAQUE A OBJETIVO CIVIL CON EFECTO INDISCRIMINADO","GUERRILLA","ELN","0","0","0","0","0","0","0","0","0",,,"0","0","0","ARTEFACTO EXPLOSIVO","POINT (-77.69179559 1.430555262)"
"185,415","CR035022","2,010","3","24","76109","BUENAVENTURA","VALLE DEL CAUCA","ANDEN PACIFICO SUR","ATAQUE A OBJETIVO CIVIL CON EFECTO INDISCRIMINADO","GUERRILLA","FARC","0","0","0","0","0","0","50","0","0",,,"2","7","9","ARTEFACTO EXPLOSIVO","POINT (-77.11872831 3.493340766)"
"185,416","CR017103","2,010","5","2","19318","GUAPI","CAUCA","ANDEN PACIFICO SUR","ATAQUE A OBJETIVO CIVIL CON EFECTO INDISCRIMINADO","GRUPO ARMADO NO IDENTIFICADO","NO APLICA","0","0","0","0","0","0","8","0","0",,,"0","1","1","ARTEFACTO EXPLOSIVO","POINT (-77.69047531 2.41326696)"
"185,417","CR018222","2,010","6","11","05045","APARTADO","ANTIOQUIA","URABA","ATAQUE A OBJETIVO CIVIL CON EFECTO INDISCRIMINADO","GUERRILLA","FARC","0","0","0","0","0","0","12","0","0",,,"0","1","1","ARTEFACTO EXPLOSIVO","POINT (-76.58236264 7.86047815)"
"185,418","CR005096","2,010","8","12","11001","BOGOTA, D.C.","BOGOTA, D. C.","AREA METROPOLITANA DE BOGOTA","ATAQUE A OBJETIVO CIVIL CON EFECTO INDISCRIMINADO","GUERRILLA","FARC","0","0","0","0","0","0","47","0","0",,,"0","0","0","ARTEFACTO EXPLOSIVO","POINT (-74.107359 4.650173)"
"185,419","CR018445","2,011","3","18","54670","SAN CALIXTO","NORTE DE SANTANDER","CATATUMBO","ATAQUE A OBJETIVO MILITAR CON EFECTO INDISCRIMINADO","GUERRILLA","FARC","0","0","0","0","1","0","1","0","0",,,"0","3","3","ARTEFACTO EXPLOSIVO","POINT (-73.2176038 8.414441404)"
"185,420",,"2,011","6","13","52696","SANTA BARBARA","NARIÑO","ANDEN PACIFICO SUR","ATAQUE A OBJETIVO MILITAR CON EFECTO INDISCRIMINADO","GUERRILLA","FARC","0","0","0","0","0","0","10","0","0",,,"0","1","1","ARTEFACTO EXPLOSIVO","POINT (-77.98256461 2.494420411)"
"185,421",,"2,011","6","18","19001","POPAYAN","CAUCA","MACIZO COLOMBIANO","ATAQUE A OBJETIVO MILITAR CON EFECTO INDISCRIMINADO","GUERRILLA","ELN","0","0","0","0","0","0","5","0","0",,,"0","1","1","ARTEFACTO EXPLOSIVO","POINT (-76.59194419 2.471704362)"
"185,422","CR002067","2,011","7","9","19821","TORIBIO","CAUCA","NORTE DEL CAUCA","ATAQUE A OBJETIVO MILITAR CON EFECTO INDISCRIMINADO","GUERRILLA","FARC","0","0","0","0","0","0","99","0","0",,,"1","3","4","ARTEFACTO EXPLOSIVO","POINT (-76.20331566 2.975771999)"
"185,423","CR005154","2,011","10","2","76275","FLORIDA","VALLE DEL CAUCA","SUR DEL VALLE","ATAQUE A OBJETIVO CIVIL CON EFECTO INDISCRIMINADO","GUERRILLA","FARC","0","0","0","0","0","0","0","0","0",,,"0","0","0","ARTEFACTO EXPLOSIVO","POINT (-76.16477307 3.304104295)"
"185,424","CR048476","2,011","12","5","44430","MAICAO","LA GUAJIRA","ALTA GUAJIRA","ATAQUE A OBJETIVO MILITAR CON EFECTO INDISCRIMINADO","GUERRILLA","FARC","0","0","0","0","0","0","11","0","0",,,"0","3","3","ARTEFACTO EXPLOSIVO","POINT (-72.29500818 11.38157764)"
"185,425","CR005121","2,012","1","13","54810","TIBU","NORTE DE SANTANDER","CATATUMBO","ATAQUE A OBJETIVO CIVIL CON EFECTO INDISCRIMINADO","GUERRILLA","FARC","0","0","0","0","0","0","2","0","0",,,"0","3","3","ARTEFACTO EXPLOSIVO","POINT (-72.57585052 8.468711125)"
"185,426","CR005122","2,012","1","13","52835","SAN ANDRES DE TUMACO","NARIÑO","ANDEN PACIFICO SUR","ATAQUE A OBJETIVO CIVIL CON EFECTO INDISCRIMINADO","GUERRILLA","FARC","0","0","0","0","0","0","2","0","0",,,"0","0","0","ARTEFACTO EXPLOSIVO","POINT (-78.61540963 1.574550638)"
"185,427","CR005166","2,012","2","1","52835","SAN ANDRES DE TUMACO","NARIÑO","ANDEN PACIFICO SUR","ATAQUE A OBJETIVO MILITAR CON EFECTO INDISCRIMINADO","GUERRILLA","FARC","0","0","0","0","0","0","64","0","0",,,"1","8","9","ARTEFACTO EXPLOSIVO","POINT (-78.61540963 1.574550638)"
"185,428","CR011002","2,012","2","2","19845","VILLA RICA","CAUCA","NORTE DEL CAUCA","ATAQUE A OBJETIVO MILITAR CON EFECTO INDISCRIMINADO","GUERRILLA","FARC","0","0","0","0","0","0","28","0","0",,,"1","5","6","ARTEFACTO EXPLOSIVO","POINT (-76.46445558 3.180627317)"
"185,429","CR005173","2,012","2","10","19212","CORINTO","CAUCA","NORTE DEL CAUCA","ATAQUE A OBJETIVO CIVIL CON EFECTO INDISCRIMINADO","GUERRILLA","FARC","0","0","0","0","0","0","5","0","0",,,"0","0","0","ARTEFACTO EXPLOSIVO","POINT (-76.20964569 3.136753606)"
"185,430","CR047946","2,012","2","27","54250","EL TARRA","NORTE DE SANTANDER","CATATUMBO","ATAQUE A OBJETIVO CIVIL CON EFECTO INDISCRIMINADO","GUERRILLA","FARC","0","0","0","0","0","0","6","0","0",,,"0","0","0","ARTEFACTO EXPLOSIVO","POINT (-73.0317597 8.678263671)"
"185,431","CR005136","2,012","3","23","19364","JAMBALO","CAUCA","NORTE DEL CAUCA","ATAQUE A OBJETIVO CIVIL CON EFECTO INDISCRIMINADO","GUERRILLA","FARC","0","0","0","0","0","0","2","0","0",,,"0","0","0","ARTEFACTO EXPLOSIVO","POINT (-76.31124919 2.84981013)"
"185,432","CR018646","2,012","4","21","73001","IBAGUE","TOLIMA","NORTE DEL TOLIMA","ATAQUE A OBJETIVO CIVIL CON EFECTO INDISCRIMINADO","GUERRILLA","FARC","0","0","0","0","0","0","9","0","0",,,"0","0","0","ARTEFACTO EXPLOSIVO","POINT (-75.252591 4.451921427)"
"185,433","CR013026","2,012","4","28","52678","SAMANIEGO","NARIÑO","OCCIDENTE DE NARIÑO","ATAQUE A OBJETIVO CIVIL CON EFECTO INDISCRIMINADO","GUERRILLA","NO IDENTIFICADA","0","0","0","0","0","0","15","0","0",,,"0","1","1","ARTEFACTO EXPLOSIVO","POINT (-77.69179559 1.430555262)"
"185,434","CR005170","2,012","6","5","52250","EL CHARCO","NARIÑO","ANDEN PACIFICO SUR","ATAQUE A OBJETIVO CIVIL CON EFECTO INDISCRIMINADO","GUERRILLA","FARC","0","0","0","0","0","0","14","0","0",,,"0","0","0","ARTEFACTO EXPLOSIVO","POINT (-77.99533234 2.216382295)"
"185,437","CR005167","2,012","8","26","50711","VISTAHERMOSA","META","ARIARI GUAYABERO","ATAQUE A OBJETIVO MILITAR CON EFECTO INDISCRIMINADO","GUERRILLA","FARC","0","0","0","0","0","0","4","0","0",,,"0","6","6","ARTEFACTO EXPLOSIVO","POINT (-73.79453841 3.218280369)"
"185,438",,"2,012","10","31","76563","PRADERA","VALLE DEL CAUCA","SUR DEL VALLE","ATAQUE A OBJETIVO CIVIL CON EFECTO INDISCRIMINADO","GUERRILLA","FARC","0","0","0","0","0","0","35","0","0",,,"0","2","2","ARTEFACTO EXPLOSIVO","POINT (-76.17841841 3.42063665)"
"185,439","CR005172","2,012","11","4","19075","BALBOA","CAUCA","PATIA","ATAQUE A OBJETIVO MILITAR CON EFECTO INDISCRIMINADO","GUERRILLA","FARC","0","0","0","0","0","0","0","0","0",,,"0","0","0","ARTEFACTO EXPLOSIVO","POINT (-77.2088133 2.084732945)"
"185,440",,"2,013","3","11","19807","TIMBIO","CAUCA","MACIZO COLOMBIANO","ATAQUE A OBJETIVO MILITAR CON EFECTO INDISCRIMINADO","DESCONOCIDO","NO APLICA","0","0","0","0","0","0","12","0","0",,,"0","0","0","ARTEFACTO EXPLOSIVO","POINT (-76.71051932 2.369625312)"
"185,441",,"2,013","3","14","19050","ARGELIA","CAUCA","PATIA","ATAQUE A OBJETIVO MILITAR CON EFECTO INDISCRIMINADO","GUERRILLA","FARC","0","0","0","0","0","0","11","0","0",,,"0","0","0","ARTEFACTO EXPLOSIVO","POINT (-77.26314906 2.329337283)"
"185,442","CR005113","2,013","11","29","52835","SAN ANDRES DE TUMACO","NARIÑO","ANDEN PACIFICO SUR","ATAQUE A OBJETIVO CIVIL CON EFECTO INDISCRIMINADO","GUERRILLA","FARC","0","0","0","0","0","0","4","0","0",,,"0","0","0","ARTEFACTO EXPLOSIVO","POINT (-78.61540963 1.574550638)"
"185,443","CR048444","2,014","6","7","05001","MEDELLIN","ANTIOQUIA","VALLE DE ABURRA","ATAQUE A OBJETIVO CIVIL CON EFECTO INDISCRIMINADO","GUERRILLA","FARC","0","0","0","0","0","0","0","0","0",,,"0","0","0","ARTEFACTO EXPLOSIVO","POINT (-75.578661 6.250063)"
"185,444",,"2,014","7","30","19455","MIRANDA","CAUCA","NORTE DEL CAUCA","ATAQUE A OBJETIVO MILITAR CON EFECTO INDISCRIMINADO","GUERRILLA","FARC","0","0","0","0","0","0","4","0","0",,,"0","1","1","ARTEFACTO EXPLOSIVO","POINT (-76.21670827 3.228235212)"
"185,445","CR018761","2,015","5","27","52250","EL CHARCO","NARIÑO","ANDEN PACIFICO SUR","ATAQUE A OBJETIVO MILITAR CON EFECTO INDISCRIMINADO","GRUPO ARMADO NO IDENTIFICADO","NO APLICA","0","0","0","0","0","0","0","0","0",,,"0","0","0","ARTEFACTO EXPLOSIVO","POINT (-77.99533234 2.216382295)"
"185,446",,"2,015","6","14","76109","BUENAVENTURA","VALLE DEL CAUCA","ANDEN PACIFICO SUR","ATAQUE A OBJETIVO MILITAR CON EFECTO INDISCRIMINADO","DESCONOCIDO","NO APLICA","0","0","0","0","0","0","14","0","0",,"1 CAPTURADO","0","0","0","ARTEFACTO EXPLOSIVO","POINT (-77.11872831 3.493340766)"
"185,447",,"2,015","6","16","52079","BARBACOAS","NARIÑO","ANDEN PACIFICO SUR","ATAQUE A OBJETIVO MILITAR CON EFECTO INDISCRIMINADO","DESCONOCIDO","NO APLICA","0","0","0","0","0","0","7","0","0",,,"0","0","0","ARTEFACTO EXPLOSIVO","POINT (-78.15621072 1.44563774)"
"185,448","CR018738","2,015","6","26","86568","PUERTO ASIS","PUTUMAYO","BAJO PUTUMAYO","ATAQUE A OBJETIVO MILITAR CON EFECTO INDISCRIMINADO","GUERRILLA","FARC","0","0","0","0","0","0","1","0","0",,,"0","0","0","ARTEFACTO EXPLOSIVO","POINT (-76.52158203 0.433884539)"
"185,449","CR018741","2,015","7","9","05040","ANORI","ANTIOQUIA","NORDESTE ANTIOQUEÑO","ATAQUE A OBJETIVO CIVIL CON EFECTO INDISCRIMINADO","GUERRILLA","FARC","0","0","0","0","0","0","0","0","0",,,"0","0","0","ARTEFACTO EXPLOSIVO","POINT (-75.10848954 7.193110778)"
"185,450","CR018765","2,015","7","11","86001","MOCOA","PUTUMAYO","MEDIO PUTUMAYO","ATAQUE A OBJETIVO MILITAR CON EFECTO INDISCRIMINADO","GUERRILLA","FARC","0","0","0","0","0","0","2","0","0",,,"0","0","0","ARTEFACTO EXPLOSIVO","POINT (-76.66584349 1.26070915)"
"185,451","CR018743","2,015","7","11","19809","TIMBIQUI","CAUCA","ANDEN PACIFICO SUR","ATAQUE A OBJETIVO CIVIL CON EFECTO INDISCRIMINADO","DESCONOCIDO","NO APLICA","0","0","0","0","0","0","0","0","0",,,"0","0","0","ARTEFACTO EXPLOSIVO","POINT (-77.49131576 2.699475127)"
"185,452","CR018744","2,015","7","13","76275","FLORIDA","VALLE DEL CAUCA","SUR DEL VALLE","ATAQUE A OBJETIVO MILITAR CON EFECTO INDISCRIMINADO","GUERRILLA","FARC","0","0","0","0","0","0","0","0","0",,,"0","0","0","ARTEFACTO EXPLOSIVO","POINT (-76.16477307 3.304104295)"
"185,453","CR018769","2,015","7","19","52835","SAN ANDRES DE TUMACO","NARIÑO","ANDEN PACIFICO SUR","ATAQUE A OBJETIVO CIVIL CON EFECTO INDISCRIMINADO","GUERRILLA","FARC","0","0","0","0","0","0","0","0","0",,,"0","0","0","ARTEFACTO EXPLOSIVO","POINT (-78.61540963 1.574550638)"
"185,454","CR018754","2,015","9","13","81300","FORTUL","ARAUCA","SARARE","ATAQUE A OBJETIVO MILITAR CON EFECTO INDISCRIMINADO","GUERRILLA","NO IDENTIFICADA","0","0","0","0","0","0","4","0","0",,,"0","0","0","ARTEFACTO EXPLOSIVO","POINT (-71.79124241 6.750907234)"
"185,455","CR047869","2,015","11","5","19397","LA VEGA","CAUCA","MACIZO COLOMBIANO","ATAQUE A OBJETIVO MILITAR CON EFECTO INDISCRIMINADO","GRUPO ARMADO NO IDENTIFICADO","NO APLICA","0","0","0","0","0","0","0","0","0",,,"0","0","0","ARTEFACTO EXPLOSIVO","POINT (-76.7588062 2.053933426)"
"185,456","CR037210","1,965","2","5","54001","CUCUTA","NORTE DE SANTANDER","AREA METROPOLITANA DE CUCUTA","ATAQUE A OBJETIVO CIVIL CON EFECTO INDISCRIMINADO","GUERRILLA","ELN","0","0","0","0","0","0","0","0","0",,,"0","0","0","ARTEFACTO EXPLOSIVO","POINT (-72.508577 7.905613)"
"185,457","CR037208","1,965","2","10","19001","POPAYAN","CAUCA","MACIZO COLOMBIANO","ATAQUE A OBJETIVO CIVIL CON EFECTO INDISCRIMINADO","DESCONOCIDO","NO APLICA","0","0","0","0","0","0","1","0","0",,,"0","0","0","ARTEFACTO EXPLOSIVO","POINT (-76.57422 2.482561)"
"185,458","CR037209","1,965","2","10","11001","BOGOTA, D.C.","BOGOTA, D. C.","AREA METROPOLITANA DE BOGOTA","ATAQUE A OBJETIVO CIVIL CON EFECTO INDISCRIMINADO","DESCONOCIDO","NO APLICA","0","0","0","0","0","0","0","0","0",,,"0","0","0","ARTEFACTO EXPLOSIVO","POINT (-74.107359 4.650173)"
"185,459","CR040165","2,003","8","8","81736","SARAVENA","ARAUCA","SARARE","ATAQUE A OBJETIVO MILITAR CON EFECTO INDISCRIMINADO","GUERRILLA","FARC","0","0","0","0","0","0","5","0","0",,,"0","5","5","ARTEFACTO EXPLOSIVO","POINT (-71.85070757 6.906941714)"
"185,466",,"1,965","3","20","11001","BOGOTA, D.C.","BOGOTA, D. C.","AREA METROPOLITANA DE BOGOTA","ATAQUE A OBJETIVO CIVIL CON EFECTO INDISCRIMINADO","DESCONOCIDO","NO APLICA","0","0","0","0","0","0","2","0","0",,,"0","0","0","ARTEFACTO EXPLOSIVO","POINT (-74.107359 4.650173)"
"185,467","CR037222","1,965","6","19","11001","BOGOTA, D.C.","BOGOTA, D. C.","AREA METROPOLITANA DE BOGOTA","ATAQUE A OBJETIVO CIVIL CON EFECTO INDISCRIMINADO","BANDOLERISMO","NO IDENTIFICADO","0","0","0","0","0","0","0","0","0",,,"0","0","0","ARTEFACTO EXPLOSIVO","POINT (-74.107359 4.650173)"
"185,468","CR041164","1,965","7","27","11001","BOGOTA, D.C.","BOGOTA, D. C.","AREA METROPOLITANA DE BOGOTA","ATAQUE A OBJETIVO MILITAR CON EFECTO INDISCRIMINADO","GUERRILLA","ELN","0","0","0","0","0","0","0","0","0",,,"0","1","1","ARTEFACTO EXPLOSIVO","POINT (-74.107359 4.650173)"
"195,048","CR2017195048","2,001","8","9","54313","GRAMALOTE","NORTE DE SANTANDER","PROVINCIA DE RICAURTE","ATAQUE A OBJETIVO CIVIL CON EFECTO INDISCRIMINADO","GUERRILLA","ELN","0","0","0","0","0","0","4","1","0",,,"0","2","2","ARTEFACTO EXPLOSIVO","POINT (-72.787233 7.916946)"
"200,005",,"2,009","4","16","05120","CACERES","ANTIOQUIA","BAJO CAUCA ANTIOQUEÑO","ATAQUE A OBJETIVO MILITAR CON EFECTO INDISCRIMINADO","GRUPO ARMADO NO IDENTIFICADO","NO APLICA","0","0","0","0","0","0","5","0","0",,,"0","0","0","ARTEFACTO EXPLOSIVO","POINT (-75.22369744 7.665155105)"
"200,991","CR2017200991","2,012","6","19","41020","ALGECIRAS","HUILA","CENTRO DEL HUILA","ATAQUE A OBJETIVO MILITAR CON EFECTO INDISCRIMINADO","GUERRILLA","FARC","0","0","0","0","0","1","0","0","0",,,"0","0","0","ARTEFACTO EXPLOSIVO","POINT (-75.29134946 2.49785068)"
"20,575","CR021260","2,003","4","24","05541","PEÑOL","ANTIOQUIA","ORIENTE ANTIOQUEÑO","ATAQUE A OBJETIVO MILITAR CON EFECTO INDISCRIMINADO","DESCONOCIDO","NO APLICA","0","0","0","0","0","0","0","0","0",,,"0","4","4","ARTEFACTO EXPLOSIVO","POINT (-75.22350905 6.232396368)"
"20,713","CR021281","2,003","5","8","76001","SANTIAGO DE CALI","VALLE DEL CAUCA","SUR DEL VALLE","ATAQUE A OBJETIVO CIVIL CON EFECTO INDISCRIMINADO","DESCONOCIDO","NO APLICA","0","0","0","0","0","0","0","0","0",,,"0","3","3","ARTEFACTO EXPLOSIVO","POINT (-76.57649259 3.399043723)"
"292,047","CR018301","2,003","12","23","05790","TARAZA","ANTIOQUIA","BAJO CAUCA ANTIOQUEÑO","ATAQUE A OBJETIVO CIVIL CON EFECTO INDISCRIMINADO","GRUPO ARMADO NO DIRIMIDO","NO APLICA","0","0","0","0","0","0","36","0","0",,,"0","4","4","ARTEFACTO EXPLOSIVO","POINT (-75.470728 7.570756)"
"30,323",,"2,012","6","4","52250","EL CHARCO","NARIÑO","ANDEN PACIFICO SUR","ATAQUE A OBJETIVO MILITAR CON EFECTO INDISCRIMINADO","GRUPO ARMADO NO IDENTIFICADO","PRESENCIA GAO SIN ATRIBUCIÓN","0","0","0","0","0","0","25","0","0",,,"0","0","0","ARTEFACTO EXPLOSIVO","POINT (-77.99533234 2.216382295)"
"33,511",,"2,013","12","7","19355","INZA","CAUCA","NORTE DEL CAUCA","ATAQUE A OBJETIVO MILITAR CON EFECTO INDISCRIMINADO","GUERRILLA","FARC","0","0","0","0","0","0","70","0","0",,,"6","2","8","ARTEFACTO EXPLOSIVO","POINT (-76.063503 2.549183)"
"395,535",,"1,999","5","30","54810","TIBU","NORTE DE SANTANDER","CATATUMBO","DESCONOCIDA","GRUPO PARAMILITAR","NO IDENTIFICADO","1","1","0","0","1","0","0","0","0",,,"0","1","1","ND","POINT (-72.89972106 8.998278492)"
"396,266","CR2017189655","1,992","11","7","05079","BARBOSA","ANTIOQUIA","VALLE DE ABURRA","ATAQUE A OBJETIVO CIVIL CON EFECTO INDISCRIMINADO","GUERRILLA","COORDINADORA GUERRILLERA SIMÓN BOLÍVAR","0","0","0","0","0","0","7","0","0",,,"0","1","1","ARTEFACTO EXPLOSIVO","POINT (-75.331627 6.439195)"
"419,293","CR005134","1,982","3","10","11001","BOGOTA, D.C.","BOGOTA, D. C.","AREA METROPOLITANA DE BOGOTA","ATAQUE A OBJETIVO CIVIL CON EFECTO INDISCRIMINADO","GUERRILLA","M19","0","0","0","0","0","0","2","0","0",,,"0","1","1","ARTEFACTO EXPLOSIVO","POINT (-74.1810727 4.316107698)"
"419,294","CR005118","1,997","1","29","05001","MEDELLIN","ANTIOQUIA","VALLE DE ABURRA","ATAQUE A OBJETIVO CIVIL CON EFECTO INDISCRIMINADO","OTRO ¿CUÁL?","NO APLICA","0","0","0","0","0","0","56","0","0",,,"0","5","5","ARTEFACTO EXPLOSIVO","POINT (-75.578661 6.250063)"
"419,295","CR005124","1,997","2","27","05045","APARTADO","ANTIOQUIA","URABA","ATAQUE A OBJETIVO CIVIL CON EFECTO INDISCRIMINADO","GUERRILLA","FARC","0","0","0","0","0","0","53","0","0",,,"0","10","10","ARTEFACTO EXPLOSIVO","POINT (-76.58236264 7.86047815)"
"419,296",,"1,997","10","14","18592","PUERTO RICO","CAQUETA","CAGUAN","ATAQUE A OBJETIVO CIVIL CON EFECTO INDISCRIMINADO","GUERRILLA","FARC","0","0","0","0","0","0","4","0","0",,,"0","1","1","ARTEFACTO EXPLOSIVO","POINT (-75.07308627 2.018940891)"
"419,297","CR005139","2,003","5","27","18753","SAN VICENTE DEL CAGUAN","CAQUETA","CAGUAN","ATAQUE A OBJETIVO CIVIL CON EFECTO INDISCRIMINADO","GUERRILLA","FARC","0","0","0","0","0","0","2","0","0",,,"0","1","1","ARTEFACTO EXPLOSIVO","POINT (-74.766451 2.11965)"
"419,298","CR005165","2,003","9","28","18001","FLORENCIA","CAQUETA","FLORENCIA Y AREA DE INFLUENCIA","ATAQUE A OBJETIVO CIVIL CON EFECTO INDISCRIMINADO","GUERRILLA","FARC","0","0","0","0","0","0","48","0","0",,,"2","12","14","ARTEFACTO EXPLOSIVO","POINT (-75.55823906 1.749138704)"
"419,299","CR047153","2,003","11","1","18001","FLORENCIA","CAQUETA","FLORENCIA Y AREA DE INFLUENCIA","ATAQUE A OBJETIVO MILITAR CON EFECTO INDISCRIMINADO","GUERRILLA","FARC","0","0","0","0","0","0","12","0","0",,,"0","3","3","ARTEFACTO EXPLOSIVO","POINT (-75.609796 1.618234)"
"419,300",,"2,011","9","25","19137","CALDONO","CAUCA","NORTE DEL CAUCA","ATAQUE A OBJETIVO MILITAR CON EFECTO INDISCRIMINADO","GUERRILLA","FARC","0","0","0","0","0","0","0","0","0",,,"0","0","0","ARTEFACTO EXPLOSIVO","POINT (-76.51863329 2.785615005)"
"419,301","CR017054","2,012","1","22","54250","EL TARRA","NORTE DE SANTANDER","CATATUMBO","ATAQUE A OBJETIVO MILITAR CON EFECTO INDISCRIMINADO","GUERRILLA","FARC","0","0","0","0","0","0","0","0","0",,,"0","0","0","ARTEFACTO EXPLOSIVO","POINT (-73.09614 8.574281)"
"419,304","CR012043","2,012","5","24","52683","SANDONA","NARIÑO","CENTRO DE NARIÑO","ATAQUE A OBJETIVO MILITAR CON EFECTO INDISCRIMINADO","GUERRILLA","FARC","0","0","0","0","0","0","4","0","0",,,"0","0","0","ARTEFACTO EXPLOSIVO","POINT (-77.469571 1.286137)"
"419,305",,"2,012","6","18","76109","BUENAVENTURA","VALLE DEL CAUCA","ANDEN PACIFICO SUR","ATAQUE A OBJETIVO MILITAR CON EFECTO INDISCRIMINADO","GUERRILLA","FARC","0","0","0","0","0","0","8","0","0",,,"0","0","0","ARTEFACTO EXPLOSIVO","POINT (-77.01074 3.875708)"
"419,306",,"2,012","10","14","81794","TAME","ARAUCA","SARARE","ATAQUE A OBJETIVO MILITAR CON EFECTO INDISCRIMINADO","GUERRILLA","FARC","0","0","0","0","0","0","0","0","0",,,"0","2","2","ARTEFACTO EXPLOSIVO","POINT (-71.79178647 6.390650479)"
"419,307","CR080122","2,014","1","16","05647","SAN ANDRES DE CUERQUIA","ANTIOQUIA","NORTE DE ANTIOQUIA","ATAQUE A OBJETIVO MILITAR CON EFECTO INDISCRIMINADO","GUERRILLA","FARC","0","0","0","0","0","0","1","0","0",,,"0","0","0","ARTEFACTO EXPLOSIVO","POINT (-75.676008 6.912558)"
"419,308","CR016067","2,014","8","24","20750","SAN DIEGO","CESAR","SERRANIA DEL PERIJA","ATAQUE A OBJETIVO MILITAR CON EFECTO INDISCRIMINADO","GUERRILLA","NO IDENTIFICADA","0","0","0","0","0","0","0","0","0",,,"0","0","0","ARTEFACTO EXPLOSIVO","POINT (-73.14473008 10.24429187)"
"421,647","CR2017421647","2,002","12","2","44420","LA JAGUA DEL PILAR","LA GUAJIRA","SERRANIA DEL PERIJA","ATAQUE A OBJETIVO CIVIL CON EFECTO INDISCRIMINADO","GUERRILLA","FARC","0","0","0","0","0","0","0","0","0",,,"0","0","0","ARTEFACTO EXPLOSIVO","POINT (-73.07209193 10.4580941)"
"448,523",,"2,011","6","13","52250","EL CHARCO","NARIÑO","ANDEN PACIFICO SUR","ATAQUE A OBJETIVO CIVIL CON EFECTO INDISCRIMINADO","GUERRILLA","FARC","0","0","0","0","0","0","15","0","0",,,"0","0","0","ARTEFACTO EXPLOSIVO","POINT (-77.99533234 2.216382295)"
"490,206","CR2017203550","2,012","10","30","19532","PATIA","CAUCA","PATIA","ATAQUE A OBJETIVO MILITAR CON EFECTO INDISCRIMINADO","GUERRILLA","FARC","0","0","0","0","0","0","0","0","0",,,"0","0","0","ARTEFACTO EXPLOSIVO","POINT (-76.981075 2.115875)"
"500,379",,"2,017","6","17","11001","BOGOTA, D.C.","BOGOTA, D. C.","AREA METROPOLITANA DE BOGOTA","ATAQUE A OBJETIVO CIVIL CON EFECTO INDISCRIMINADO","GUERRILLA","OTRA","0","0","0","0","0","0","9","0","0",,,"0","3","3","ARTEFACTO EXPLOSIVO","POINT (-74.107359 4.650173)"
"500,471","CR2017500471","2,001","12","24","50313","GRANADA","META","ARIARI GUAYABERO","DESCONOCIDA","GUERRILLA","FARC","0","0","0","0","0","0","0","0","0",,,"0","0","0","ARTEFACTO EXPLOSIVO","POINT (-73.712572 3.551865)"
"511,101",,"2,009","8","15","05579","PUERTO BERRIO","ANTIOQUIA","MAGDALENA MEDIO","ATAQUE A OBJETIVO CIVIL CON EFECTO INDISCRIMINADO","GRUPO POSDESMOVILIZACIÓN","NO IDENTIFICADO","0","0","0","0","0","0","7","0","0",,,"0","7","0","ARTEFACTO EXPLOSIVO","POINT (-74.5287421 6.481922267)"
"511,102","CR2017511102","2,011","10","24","52838","TUQUERRES","NARIÑO","CENTRO OCCIDENTE DE NARIÑO","ATAQUE A OBJETIVO CIVIL CON EFECTO INDISCRIMINADO","GRUPO ARMADO NO IDENTIFICADO","NO APLICA","0","0","0","0","0","0","1","0","0",,,"0","1","1","ARTEFACTO EXPLOSIVO","POINT (-77.63073238 1.134440523)"
"511,104","CR2017511104","2,012","4","11","19075","BALBOA","CAUCA","PATIA","ATAQUE A OBJETIVO MILITAR CON EFECTO INDISCRIMINADO","GUERRILLA","FARC","0","0","0","0","0","0","0","0","0",,,"0","0","0","ARTEFACTO EXPLOSIVO","POINT (-77.2088133 2.084732945)"
"511,105",,"2,012","6","27","44430","MAICAO","LA GUAJIRA","ALTA GUAJIRA","ATAQUE A OBJETIVO CIVIL CON EFECTO INDISCRIMINADO","GRUPO POSDESMOVILIZACIÓN","NO IDENTIFICADO","0","0","0","0","0","0","7","0","0",,,"0","0","0","ARTEFACTO EXPLOSIVO","POINT (-72.29500818 11.38157764)"
"511,123","CR2017511123","1,988","3","29","11001","BOGOTA, D.C.","BOGOTA, D. C.","AREA METROPOLITANA DE BOGOTA","ATAQUE A OBJETIVO CIVIL CON EFECTO INDISCRIMINADO","GRUPO PARAMILITAR","OTRO","0","0","0","0","0","0","1","0","0",,,"0","0","0","ARTEFACTO EXPLOSIVO","POINT (-74.1810727 4.316107698)"
"511,170","CR2017511170","1,976","8","4","11001","BOGOTA, D.C.","BOGOTA, D. C.","AREA METROPOLITANA DE BOGOTA","ATAQUE A OBJETIVO CIVIL CON EFECTO INDISCRIMINADO","DESCONOCIDO","NO APLICA","0","0","0","0","0","0","0","0","0",,,"0","0","0","ARTEFACTO EXPLOSIVO","POINT (-74.1810727 4.316107698)"
"511,185",,"1,975","11","11","11001","BOGOTA, D.C.","BOGOTA, D. C.","AREA METROPOLITANA DE BOGOTA","ATAQUE A OBJETIVO CIVIL CON EFECTO INDISCRIMINADO","GRUPO PARAMILITAR","NO IDENTIFICADO","0","0","0","0","0","0","0","0","0",,,"0","0","0","ARTEFACTO EXPLOSIVO","POINT (-74.1810727 4.316107698)"
"511,204",,"1,976","7","24","11001","BOGOTA, D.C.","BOGOTA, D. C.","AREA METROPOLITANA DE BOGOTA","ATAQUE A OBJETIVO CIVIL CON EFECTO INDISCRIMINADO","GUERRILLA","EPL","0","0","0","0","0","0","0","0","0",,,"0","0","0","ARTEFACTO EXPLOSIVO","POINT (-74.1810727 4.316107698)"
"521,508",,"2,011","10","25","52835","SAN ANDRES DE TUMACO","NARIÑO","ANDEN PACIFICO SUR","ATAQUE A OBJETIVO CIVIL CON EFECTO INDISCRIMINADO","GRUPO ARMADO NO IDENTIFICADO","NO APLICA","0","0","0","0","0","0","8","0","0",,,"0","0","0","ARTEFACTO EXPLOSIVO","POINT (-78.61540963 1.574550638)"
"521,513","CR2017521513","2,000","11","19","73622","RONCESVALLES","TOLIMA","SUR DEL TOLIMA","ATAQUE A OBJETIVO MILITAR CON EFECTO INDISCRIMINADO","GUERRILLA","FARC","0","0","0","0","0","0","2","0","0",,,"0","3","3","ARTEFACTO EXPLOSIVO","POINT (-75.59428027 4.097861181)"
"521,842","CR102116","1,997","2","3","27615","RIOSUCIO","CHOCO","URABA","ATAQUE A OBJETIVO CIVIL CON EFECTO INDISCRIMINADO","GRUPO ARMADO NO DIRIMIDO","NO APLICA","1","0","0","0","1","0","0","0","0",,,"0","1","1","ARTEFACTO EXPLOSIVO","POINT (-77.35636 7.375606)"
"521,875","CR2017521875","2,012","9","24","52678","SAMANIEGO","NARIÑO","OCCIDENTE DE NARIÑO","ATAQUE A OBJETIVO CIVIL CON EFECTO INDISCRIMINADO","DESCONOCIDO","NO APLICA","0","0","0","0","0","0","0","0","0",,,"0","0","0","ARTEFACTO EXPLOSIVO","POINT (-77.69179559 1.430555262)"
"521,877",,"2,009","4","16","05120","CACERES","ANTIOQUIA","BAJO CAUCA ANTIOQUEÑO","ATAQUE A OBJETIVO CIVIL CON EFECTO INDISCRIMINADO","GRUPO ARMADO NO IDENTIFICADO","NO APLICA","0","0","0","0","0","0","5","0","0",,,"0","0","0","ARTEFACTO EXPLOSIVO","POINT (-75.22369744 7.665155105)"
"521,880",,"2,009","7","7","05120","CACERES","ANTIOQUIA","BAJO CAUCA ANTIOQUEÑO","ATAQUE A OBJETIVO MILITAR CON EFECTO INDISCRIMINADO","GRUPO POSDESMOVILIZACIÓN","NO IDENTIFICADO","0","0","0","0","0","0","3","0","0",,,"0","0","0","ARTEFACTO EXPLOSIVO","POINT (-75.35205 7.578366)"
"521,917",,"2,006","4","27","68081","BARRANCABERMEJA","SANTANDER","MAGDALENA MEDIO","ATAQUE A OBJETIVO CIVIL CON EFECTO INDISCRIMINADO","GRUPO POSDESMOVILIZACIÓN","URABEÑOS/AUTODEFENSAS GAITANISTAS DE COLOMBIA/ÁGUILAS NEGRAS/CLAN ÚSUGA","0","0","0","0","0","0","5","0","0",,,"0","0","0","ARTEFACTO EXPLOSIVO","POINT (-73.78211646 7.054074558)"
"522,006",,"1,975","11","16","11001","BOGOTA, D.C.","BOGOTA, D. C.","AREA METROPOLITANA DE BOGOTA","ATAQUE A OBJETIVO CIVIL CON EFECTO INDISCRIMINADO","DESCONOCIDO","NO APLICA","0","0","0","0","0","0","0","0","0",,,"0","0","0","ARTEFACTO EXPLOSIVO","POINT (-74.1810727 4.316107698)"
"532,362","CR2017532362","1,976","7","22","76001","SANTIAGO DE CALI","VALLE DEL CAUCA","SUR DEL VALLE","ATAQUE A OBJETIVO CIVIL CON EFECTO INDISCRIMINADO","GUERRILLA","M19","0","0","0","0","0","0","0","0","0",,,"0","0","0","ARTEFACTO EXPLOSIVO","POINT (-76.57649259 3.399043723)"
"532,770",,"2,019","1","17","11001","BOGOTA, D.C.","BOGOTA, D. C.","AREA METROPOLITANA DE BOGOTA","ATAQUE A OBJETIVO MILITAR CON EFECTO INDISCRIMINADO","GUERRILLA","ELN","0","0","0","0","0","0","0","0","0",,,"20","0","20","ARTEFACTO EXPLOSIVO","POINT (-74.1810727 4.316107698)"
"532,891",,"2,018","7","19","81065","ARAUQUITA","ARAUCA","SARARE","DESCONOCIDA","GRUPO ARMADO NO IDENTIFICADO","PRESENCIA GAO SIN ATRIBUCIÓN","0","0","0","0","0","0","0","0","0",,,"0","4","4","ARTEFACTO EXPLOSIVO","POINT (-71.59795501 6.84134566)"
"534,340",,"2,005","8","6","81001","ARAUCA","ARAUCA","LLANOS ORIENTALES","ATAQUE A OBJETIVO MILITAR CON EFECTO INDISCRIMINADO","DESCONOCIDO","NO APLICA","0","0","0","0","0","0","0","0","0",,,"0","1","1","ARTEFACTO EXPLOSIVO","POINT (-70.50921153 6.796280825)"
"555,121",,"1,995","6","10","05001","MEDELLIN","ANTIOQUIA","VALLE DE ABURRA","ATAQUE A OBJETIVO CIVIL CON EFECTO INDISCRIMINADO","DESCONOCIDO","NO APLICA","0","1","0","0","0","0","99","0","0",,,"0","20","1","ARTEFACTO EXPLOSIVO","POINT (-75.578661 6.250063)"
"555,184",,"1,987","2","20","05837","TURBO","ANTIOQUIA","URABA","ATAQUE A OBJETIVO CIVIL CON EFECTO INDISCRIMINADO","DESCONOCIDO","NO APLICA","0","0","0","0","0","0","2","0","0",,,"0","0","0","ARTEFACTO EXPLOSIVO","POINT (-76.5740377 8.173851745)"
"628,459",,"2,021","3","26","19212","CORINTO","CAUCA","NORTE DEL CAUCA","ATAQUE A OBJETIVO CIVIL CON EFECTO INDISCRIMINADO","GUERRILLA","DISIDENCIA FARC","0","0","0","0","0","0","43","0","0",,,"0","0","0","ARTEFACTO EXPLOSIVO","POINT (-76.261866 3.173854)"
"648,682",,"2,015","7","10","19050","ARGELIA","CAUCA","PATIA","DESCONOCIDA","GUERRILLA","FARC","0","0","0","0","0","0","2","0","0",,,"0","0","0","ARTEFACTO EXPLOSIVO","POINT (-77.24905 2.257427)"
"649,093",,"1,983","11","1","05001","MEDELLIN","ANTIOQUIA","VALLE DE ABURRA","ATAQUE A OBJETIVO CIVIL CON EFECTO INDISCRIMINADO","GUERRILLA","ELN","0","0","0","0","0","0","0","0","0",,,"0","0","0","ARTEFACTO EXPLOSIVO","POINT (-75.578661 6.250063)"
"649,200",,"2,003","4","17","81300","FORTUL","ARAUCA","SARARE","ATAQUE A OBJETIVO MILITAR CON EFECTO INDISCRIMINADO","GUERRILLA","FARC","0","0","0","0","0","0","6","0","0",,,"0","1","1","ARTEFACTO EXPLOSIVO","POINT (-71.774279 6.792738)"
"649,202","CR2017649202","2,007","6","26","76109","BUENAVENTURA","VALLE DEL CAUCA","ANDEN PACIFICO SUR","ATAQUE A OBJETIVO CIVIL CON EFECTO INDISCRIMINADO","GUERRILLA","FARC","0","0","0","0","0","0","7","0","0",,,"0","2","2","ARTEFACTO EXPLOSIVO","POINT (-77.35596327 3.93032998)"
"659,717",,"2,021","6","25","54001","CUCUTA","NORTE DE SANTANDER","AREA METROPOLITANA DE CUCUTA","ATAQUE A OBJETIVO MILITAR CON EFECTO INDISCRIMINADO","GUERRILLA","DISIDENCIA FARC","0","0","0","0","0","0","2","0","0",,,"0","0","0","ARTEFACTO EXPLOSIVO","POINT (-72.508577 7.905613)"
"679,826","CR2017679826","2,022","1","19","81736","SARAVENA","ARAUCA","SARARE","ATAQUE A OBJETIVO CIVIL CON EFECTO INDISCRIMINADO","GUERRILLA","DISIDENCIA FARC","0","0","0","0","0","0","20","0","0",,,"0","1","1","ARMA DE FUEGO - ARTEFACTO EXPLOSIVO","POINT (-71.872812 6.953926)"
"679,866",,"2,014","1","16","76563","PRADERA","VALLE DEL CAUCA","SUR DEL VALLE","ATAQUE A OBJETIVO CIVIL CON EFECTO INDISCRIMINADO","GUERRILLA","FARC","0","0","0","0","0","0","56","0","0",,,"0","1","1","ARTEFACTO EXPLOSIVO","POINT (-76.241832 3.419847)"
"679,973","CR2017679973","2,022","2","16","19256","EL TAMBO","CAUCA","NORTE DEL CAUCA","ATAQUE A OBJETIVO CIVIL CON EFECTO INDISCRIMINADO","GUERRILLA","DISIDENCIA FARC","0","0","0","0","0","0","5","0","0",,,"0","0","5","ARTEFACTO EXPLOSIVO","POINT (-76.810911 2.451409)"
"700,472",,"2,022","4","19","19050","ARGELIA","CAUCA","PATIA","ATAQUE A OBJETIVO CIVIL CON EFECTO INDISCRIMINADO","GRUPO ARMADO NO IDENTIFICADO","PRESENCIA GAO SIN ATRIBUCIÓN","0","0","0","0","0","0","0","0","0",,,"0","0","0","ARTEFACTO EXPLOSIVO","POINT (-77.21574486 2.384480734)"
"710,712",,"2,022","5","2","19050","ARGELIA","CAUCA","PATIA","ATAQUE A OBJETIVO CIVIL CON EFECTO INDISCRIMINADO","GRUPO ARMADO NO IDENTIFICADO","PRESENCIA GAO SIN ATRIBUCIÓN","0","0","0","0","0","0","1","0","0",,,"0","0","0","ARTEFACTO EXPLOSIVO","POINT (-77.24905 2.257427)"
"710,822",,"2,022","5","12","19142","CALOTO","CAUCA","NORTE DEL CAUCA","ATAQUE A OBJETIVO CIVIL CON EFECTO INDISCRIMINADO","GUERRILLA","DISIDENCIA FARC","0","0","0","0","0","0","1","0","0",,,"0","0","0","ARTEFACTO EXPLOSIVO","POINT (-76.408941 3.034531)"
"722,004",,"2,022","3","5","11001","BOGOTA, D.C.","BOGOTA, D. C.","AREA METROPOLITANA DE BOGOTA","ATAQUE A OBJETIVO MILITAR CON EFECTO INDISCRIMINADO","DESCONOCIDO","NO APLICA","0","0","0","0","0","0","1","0","0",,,"0","0","0","ARTEFACTO EXPLOSIVO","POINT (-74.107359 4.650173)"
"722,065",,"2,022","2","4","19355","INZA","CAUCA","NORTE DEL CAUCA","ATAQUE A OBJETIVO MILITAR CON EFECTO INDISCRIMINADO","DESCONOCIDO","NO APLICA","0","0","0","0","0","0","7","0","0",,,"0","0","0","ARTEFACTO EXPLOSIVO","POINT (-76.13762531 2.499058783)"
"722,081",,"2,022","2","5","54261","EL ZULIA","NORTE DE SANTANDER","AREA METROPOLITANA DE CUCUTA","ATAQUE A OBJETIVO MILITAR CON EFECTO INDISCRIMINADO","DESCONOCIDO","NO APLICA","0","0","0","0","0","0","0","0","0",,,"0","0","0","ARTEFACTO EXPLOSIVO","POINT (-72.63152118 8.081200092)"
"722,123",,"2,022","2","9","50313","GRANADA","META","ARIARI GUAYABERO","ATAQUE A OBJETIVO MILITAR CON EFECTO INDISCRIMINADO","DESCONOCIDO","NO APLICA","0","0","0","0","0","0","4","0","0",,,"1","0","1","ARTEFACTO EXPLOSIVO","POINT (-73.7611547 3.441051399)"
"722,308",,"2,022","3","26","11001","BOGOTA, D.C.","BOGOTA, D. C.","AREA METROPOLITANA DE BOGOTA","ATAQUE A OBJETIVO MILITAR CON EFECTO INDISCRIMINADO","GUERRILLA","DISIDENCIA FARC","0","0","0","0","0","0","39","0","0",,,"0","2","2","ARTEFACTO EXPLOSIVO","POINT (-74.107359 4.650173)"
"722,369","CR2017722369","2,022","7","26","20383","LA GLORIA","CESAR","MAGDALENA MEDIO","ATAQUE A OBJETIVO MILITAR CON EFECTO INDISCRIMINADO","GRUPO ARMADO NO IDENTIFICADO","PRESENCIA GAO SIN ATRIBUCIÓN","0","0","0","0","0","0","2","0","0",,,"0","0","0","ARMA DE FUEGO - ARTEFACTO EXPLOSIVO","POINT (-73.61602384 8.588002247)"
"722,399",,"2,022","7","30","54810","TIBU","NORTE DE SANTANDER","CATATUMBO","ATAQUE A OBJETIVO MILITAR CON EFECTO INDISCRIMINADO","GRUPO ARMADO NO IDENTIFICADO","PRESENCIA GAO SIN ATRIBUCIÓN","0","0","0","0","0","0","6","0","0",,,"0","0","0","ARTEFACTO EXPLOSIVO","POINT (-72.79925855 8.713507237)"
"732,450",,"2,022","7","17","19532","PATIA","CAUCA","PATIA","ATAQUE A OBJETIVO MILITAR CON EFECTO INDISCRIMINADO","GUERRILLA","DISIDENCIA FARC","0","0","0","0","0","0","7","0","0",,,"0","1","1","ARTEFACTO EXPLOSIVO","POINT (-77.0465762 2.157983906)"
"732,674",,"1,948","3","14","25658","SAN FRANCISCO","CUNDINAMARCA","NOROCCIDENTE DE CUNDINAMARCA","ATAQUE A OBJETIVO CIVIL CON EFECTO INDISCRIMINADO","BANDOLERISMO","BANDOLERISMO CONSERVADOR","0","0","0","0","0","0","5","0","0",,,"0","0","0","ARMA CORTO PUNZANTE","POINT (-74.27217129 4.964100703)"
"732,708",,"1,944","8","3","68001","BUCARAMANGA","SANTANDER","PROVINCIA DE SOTO","ATAQUE A OBJETIVO MILITAR CON EFECTO INDISCRIMINADO","AGENTE EXTRANJERO","OTRO","0","0","0","0","0","0","26","0","0",,,"3","0","3","ARTEFACTO EXPLOSIVO","POINT (-73.11156997 7.155833544)"
"732,735",,"1,948","3","18","11001","BOGOTA, D.C.","BOGOTA, D. C.","AREA METROPOLITANA DE BOGOTA","DESCONOCIDA","DESCONOCIDO","NO APLICA","0","0","0","0","0","0","30","0","0",,"ATAQUE A LOS CIVILES CON GASES Y YAGANES POR PARTE DE LA POLICÍA.","0","0","0","ARTEFACTO EXPLOSIVO","POINT (-74.107359 4.650173)"
"732,841",,"1,948","3","28","15632","SABOYA","BOYACA","ALTIPLANO CUNDIBOYACENSE","ATAQUE A OBJETIVO CIVIL CON EFECTO INDISCRIMINADO","BANDOLERISMO","BANDOLERISMO CONSERVADOR","0","0","0","0","0","0","0","0","0",,,"0","4","4","ARMA DE FUEGO","POINT (-73.74799466 5.699926051)"
"732,862",,"1,948","1","8","17042","ANSERMA","CALDAS","EJE CAFETERO","ATAQUE A OBJETIVO CIVIL CON EFECTO INDISCRIMINADO","BANDOLERISMO","NO IDENTIFICADO","0","0","0","0","0","0","0","0","0",,,"0","0","0","ARTEFACTO EXPLOSIVO","POINT (-75.784343 5.236471)"
"742,983","CR2017742983","1,948","2","13","68432","MALAGA","SANTANDER","PROVINCIA DE GARCIA ROVIRA","ATAQUE A OBJETIVO CIVIL CON EFECTO INDISCRIMINADO","BANDOLERISMO","BANDOLERISMO CONSERVADOR","0","0","0","0","0","0","0","0","0",,,"0","0","0","ARTEFACTO EXPLOSIVO","POINT (-72.73841091 6.720222349)"
"743,226",,"1,948","4","9","76001","SANTIAGO DE CALI","VALLE DEL CAUCA","SUR DEL VALLE","ATAQUE A OBJETIVO CIVIL CON EFECTO INDISCRIMINADO","DESCONOCIDO","NO APLICA","0","0","0","0","0","0","0","0","0",,"LUCHA ENTRE LA POLICÍA Y LOS EXALTADOS LO CUAL GENERA VARIOS HERIDOS Y DOS MUERTOS.","0","0","2","ARTEFACTOS EXPLOSIVOS IMPROVISADOS  AEI","POINT (-76.57649259 3.399043723)"
"743,267",,"1,953","11","4","73483","NATAGAIMA","TOLIMA","SUR DEL TOLIMA","ATAQUE A OBJETIVO CIVIL CON EFECTO INDISCRIMINADO","DESCONOCIDO","NO APLICA","0","0","0","0","0","0","1","0","0",,,"0","0","1","ARTEFACTO EXPLOSIVO","POINT (-75.12200999 3.540518203)"
"743,351",,"1,948","7","1","76834","TULUA","VALLE DEL CAUCA","CENTRO DEL VALLE","ATAQUE A OBJETIVO CIVIL CON EFECTO INDISCRIMINADO","AGENTE DEL ESTADO","POLICÍA NACIONAL","0","0","0","0","0","0","1","0","0",,,"0","0","0","ARMA DE FUEGO","POINT (-76.08903017 4.038738498)"
"743,354",,"1,948","7","21","05809","TITIRIBI","ANTIOQUIA","SUROESTE ANTIOQUEÑO","ATAQUE A OBJETIVO CIVIL CON EFECTO INDISCRIMINADO","DESCONOCIDO","NO APLICA","0","0","0","0","0","0","0","0","0",,"DAÑO A BIENES CIVILES.","0","0","0","ARTEFACTOS EXPLOSIVOS IMPROVISADOS  AEI","POINT (-75.791549 6.06098)"
"743,394",,"1,948","8","27","76834","TULUA","VALLE DEL CAUCA","CENTRO DEL VALLE","ATAQUE A OBJETIVO CIVIL CON EFECTO INDISCRIMINADO","DESCONOCIDO","NO APLICA","0","0","0","0","0","0","0","0","0",,"DAÑO A BIENES CIVILES.","0","0","0","ARTEFACTO EXPLOSIVO - MATERIAL INCENDIARIO","POINT (-76.08903017 4.038738498)"
"774,902","CR2017774902","2,023","9","22","76364","JAMUNDI","VALLE DEL CAUCA","SUR DEL VALLE","ATAQUE A OBJETIVO MILITAR CON EFECTO INDISCRIMINADO","GUERRILLA","DISIDENCIA FARC","0","0","0","0","0","0","10","0","0",,,"0","0","0","ARTEFACTO EXPLOSIVO","POINT (-76.62760418 3.213892389)"
"805,139","CR2017805139","2,016","8","10","95025","EL RETORNO","GUAVIARE","ARIARI GUAYABERO","ATAQUE A OBJETIVO CIVIL CON EFECTO INDISCRIMINADO","GUERRILLA","OTRA DISIDENCIA","0","0","0","0","0","0","4","0","0",,,"0","0","0","ARTEFACTO EXPLOSIVO","POINT (-72.24364869 2.143447362)"
"825,661",,"2,012","3","15","11001","BOGOTA, D.C.","BOGOTA, D. C.","AREA METROPOLITANA DE BOGOTA","ATAQUE A OBJETIVO CIVIL CON EFECTO INDISCRIMINADO","GUERRILLA","FARC","0","0","0","0","0","0","40","0","0",,,"0","2","2","ARTEFACTO EXPLOSIVO","POINT (-74.107359 4.650173)"
"867,263",,"1,962","10","18","52696","SANTA BARBARA","NARIÑO","ANDEN PACIFICO SUR","ATAQUE A OBJETIVO CIVIL CON EFECTO INDISCRIMINADO","DESCONOCIDO","NO APLICA","0","0","0","0","0","0","0","0","0",,,"0","3","3","ARTEFACTOS EXPLOSIVOS IMPROVISADOS  AEI","POINT (-77.979916 2.449653)"
"877,547","CR2017877547","1,962","12","31","25518","PAIME","CUNDINAMARCA","NOROCCIDENTE DE CUNDINAMARCA","ATAQUE A OBJETIVO CIVIL CON EFECTO INDISCRIMINADO","DESCONOCIDO","NO APLICA","0","0","1","0","0","0","0","0","0",,,"0","0","0","ARTEFACTO EXPLOSIVO","POINT (-74.16395696 5.387647345)"
"877,985","CR2017877975","2,024","5","20","19473","MORALES","CAUCA","NORTE DEL CAUCA","ATAQUE A OBJETIVO CIVIL CON EFECTO INDISCRIMINADO","GUERRILLA","DISIDENCIA FARC","0","0","0","1","0","0","0","1","0",,,"0","0","0","ARTEFACTO EXPLOSIVO","POINT (-76.74605152 2.773663981)"
"877,990","CR2017877990","2,024","5","20","76364","JAMUNDI","VALLE DEL CAUCA","SUR DEL VALLE","ATAQUE A OBJETIVO CIVIL CON EFECTO INDISCRIMINADO","GUERRILLA","DISIDENCIA FARC","0","0","0","1","0","0","12","0","0",,"HOSTIGAMIENTO","0","0","0","ARTEFACTO EXPLOSIVO","POINT (-76.539785 3.260449)"
"878,081",,"1,958","5","4","73026","ALVARADO","TOLIMA","NORTE DEL TOLIMA","ATAQUE A OBJETIVO CIVIL CON EFECTO INDISCRIMINADO","GRUPO ARMADO NO IDENTIFICADO","NO APLICA","0","0","0","0","0","0","0","0","0",,,"0","27","27","ARMA CORTO PUNZANTE - ARMA DE FUEGO - ARTEFACTO EXPLOSIVO","POINT (-74.98630686 4.582625784)"
"878,485","CR2017878485","2,024","4","23","19050","ARGELIA","CAUCA","PATIA","ATAQUE A OBJETIVO MILITAR CON EFECTO INDISCRIMINADO","GUERRILLA","DISIDENCIA FARC","0","0","0","0","1","0","0","0","0",,"ACCIÓN BÉLICA","0","0","0","ARTEFACTO EXPLOSIVO","POINT (-77.23558959 2.46383187)"
"97,544",,"2,000","3","9","23001","MONTERIA","CORDOBA","ALTO SINU Y SAN JORGE","ATAQUE A OBJETIVO CIVIL CON EFECTO INDISCRIMINADO","GRUPO PARAMILITAR","NO IDENTIFICADO","0","0","0","0","0","0","6","0","0",,,"0","1","1","ARTEFACTO EXPLOSIVO","POINT (-75.95055079 8.584698016)"
